fund,field,source,as_of,value
ACLZ,unrealizedAppr[054540208-TRS-12/01/27-L-CANT],EagleSTAR PVal,20260624,-6321.11
ACMM,unrealizedAppr[00108J109-TRS-07/26/27-L-MREX],EagleSTAR PVal,20260624,12399.29
BRZX,unrealizedAppr[464286400-TRS-12/01/27-L-CANT],EagleSTAR PVal,20260624,-21333.21
CAMC,unrealizedAppr[M20791105-TRS-12/01/27-L-CANT],EagleSTAR PVal,20260624,-7392.44
CARX,unrealizedAppr[565394103-TRS-12/01/27-L-CANT],EagleSTAR PVal,20260624,5432.48
CCPX,unrealizedAppr[464287184-TRS-12/01/27-L-CANT],EagleSTAR PVal,20260624,-199252.10
CJUN,unrealizedAppr[2SPY  270528C00151710],EagleSTAR PVal,20260624,-36881.42
CJUN,unrealizedAppr[2SPY  270528C00863900],EagleSTAR PVal,20260624,17277.93
CJUN,unrealizedAppr[2SPY  270528P00644760],EagleSTAR PVal,20260624,-2834.28
CJUN,unrealizedAppr[2SPY  270528P00758540],EagleSTAR PVal,20260624,8645.69
CMAG,unrealizedAppr[02079K305-TRS-05/31/27-L-CANT],EagleSTAR PVal,20260624,-54651.54
CMAG,unrealizedAppr[023135106-TRS-05/31/27-L-CANT],EagleSTAR PVal,20260624,-33192.09
CMAG,unrealizedAppr[037833100-TRS-05/31/27-L-CANT],EagleSTAR PVal,20260624,-2681.45
CMAG,unrealizedAppr[30303M102-TRS-05/31/27-L-CANT],EagleSTAR PVal,20260624,-12970.95
CMAG,unrealizedAppr[594918104-TRS-05/31/27-L-CANT],EagleSTAR PVal,20260624,-66723.03
CMAG,unrealizedAppr[67066G104-TRS-05/31/27-L-CANT],EagleSTAR PVal,20260624,-32803.25
CMAG,unrealizedAppr[88160R101-TRS-05/31/27-L-CANT],EagleSTAR PVal,20260624,-12189.34
CMAY,unrealizedAppr[2SPY  270430C00143730],EagleSTAR PVal,20260624,114059.23
CMAY,unrealizedAppr[2SPY  270430C00797710],EagleSTAR PVal,20260624,-32057.37
CMAY,unrealizedAppr[2SPY  270430P00610860],EagleSTAR PVal,20260624,15636.76
CMAY,unrealizedAppr[2SPY  270430P00718660],EagleSTAR PVal,20260624,2550.14
CRUC,unrealizedAppr[172755100-TRS-12/01/27-L-CANT],EagleSTAR PVal,20260624,-450.29
CTJN,unrealizedAppr[2SPY  270528C00151710],EagleSTAR PVal,20260624,-27687.42
CTJN,unrealizedAppr[2SPY  270528C00865650],EagleSTAR PVal,20260624,12493.99
CTJN,unrealizedAppr[2SPY  270528P00493050],EagleSTAR PVal,20260624,-297.75
CTJN,unrealizedAppr[2SPY  270528P00720610],EagleSTAR PVal,20260624,4179.99
CTMA,unrealizedAppr[2SPY  270430C00144740],EagleSTAR PVal,20260624,34645.76
CTMA,unrealizedAppr[2SPY  270430C00806940],EagleSTAR PVal,20260624,21318.01
CTMA,unrealizedAppr[2SPY  270430P00470410],EagleSTAR PVal,20260624,9369.43
CTMA,unrealizedAppr[2SPY  270430P00687520],EagleSTAR PVal,20260624,-23732.97
EMJN,unrealizedAppr[2EEM  270528C00014020],EagleSTAR PVal,20260624,-48450.10
EMJN,unrealizedAppr[2EEM  270528C00087030],EagleSTAR PVal,20260624,9820.30
EMJN,unrealizedAppr[2EEM  270528P00059570],EagleSTAR PVal,20260624,370.57
EMJN,unrealizedAppr[2EEM  270528P00070080],EagleSTAR PVal,20260624,12191.21
EMMY,unrealizedAppr[2EEM  270430C00013080],EagleSTAR PVal,20260624,-66410.38
EMMY,unrealizedAppr[2EEM  270430C00081100],EagleSTAR PVal,20260624,-78689.04
EMMY,unrealizedAppr[2EEM  270430P00055590],EagleSTAR PVal,20260624,-51169.53
EMMY,unrealizedAppr[2EEM  270430P00065400],EagleSTAR PVal,20260624,111607.48
EMXX,unrealizedAppr[922042858-TRS-07/07/27-L-CLST],EagleSTAR PVal,20260624,-17817.91
EUVX,unrealizedAppr[218946663-TRS-07/07/27-L-CLST],EagleSTAR PVal,20260624,46668.61
FDRX,unrealizedAppr[218946101-TRS-01/19/28-L],EagleSTAR PVal,20260624,1439385.96
HJUN,unrealizedAppr[2SPY  270528C00151710],EagleSTAR PVal,20260624,-29066.42
HJUN,unrealizedAppr[2SPY  270528C00819680],EagleSTAR PVal,20260624,19787.62
HJUN,unrealizedAppr[2SPY  270528P00758540],EagleSTAR PVal,20260624,6600.69
HMAY,unrealizedAppr[2SPY  270430C00144740],EagleSTAR PVal,20260624,35072.73
HMAY,unrealizedAppr[2SPY  270430C00770750],EagleSTAR PVal,20260624,20503.71
HMAY,unrealizedAppr[2SPY  270430P00723710],EagleSTAR PVal,20260624,-27265.33
IDJN,unrealizedAppr[2EFA  270528C00020890],EagleSTAR PVal,20260624,-23952.46
IDJN,unrealizedAppr[2EFA  270528C00120890],EagleSTAR PVal,20260624,15944.49
IDJN,unrealizedAppr[2EFA  270528P00088770],EagleSTAR PVal,20260624,6946.58
IDJN,unrealizedAppr[2EFA  270528P00104440],EagleSTAR PVal,20260624,4705.90
IDMY,unrealizedAppr[2EFA  270430C00020410],EagleSTAR PVal,20260624,-120701.56
IDMY,unrealizedAppr[2EFA  270430C00118370],EagleSTAR PVal,20260624,47890.74
IDMY,unrealizedAppr[2EFA  270430P00086730],EagleSTAR PVal,20260624,12776.63
IDMY,unrealizedAppr[2EFA  270430P00102040],EagleSTAR PVal,20260624,10382.55
JUNC,unrealizedAppr[2SPY  270528C00151710],EagleSTAR PVal,20260624,-27461.83
JUNC,unrealizedAppr[2SPY  270528C00896220],EagleSTAR PVal,20260624,9440.95
JUNC,unrealizedAppr[2SPY  270528P00682690],EagleSTAR PVal,20260624,-2611.88
JUNC,unrealizedAppr[2SPY  270528P00758540],EagleSTAR PVal,20260624,5664.50
KEYX,unrealizedAppr[49338L103-TRS-12/01/27-L-CANT],EagleSTAR PVal,20260624,-1905.58
KRWX,unrealizedAppr[464286772-TRS-07/07/27-L-CLST],EagleSTAR PVal,20260624,-32386.85
KRWX,unrealizedAppr[464286772-TRS-12/01/27-L-CANT],EagleSTAR PVal,20260624,9903.94
LASC,unrealizedAppr[65487K100-TRS-12/01/27-L-CANT],EagleSTAR PVal,20260624,-19856.08
LRNX,unrealizedAppr[86333M108-TRS-12/01/27-L-CANT],EagleSTAR PVal,20260624,10947.52
MAYC,unrealizedAppr[2SPY  270430C00143730],EagleSTAR PVal,20260624,116673.43
MAYC,unrealizedAppr[2SPY  270430C00815680],EagleSTAR PVal,20260624,-26205.06
MAYC,unrealizedAppr[2SPY  270430P00646790],EagleSTAR PVal,20260624,19848.89
MAYC,unrealizedAppr[2SPY  270430P00718660],EagleSTAR PVal,20260624,1774.13
MGKX,unrealizedAppr[921910816-TRS-07/05/27-L-MREX],EagleSTAR PVal,20260624,-41728.19
MNSX,unrealizedAppr[61174X109-TRS-12/01/27-L-CANT],EagleSTAR PVal,20260624,5290.37
MSIX,unrealizedAppr[620076307-TRS-12/01/27-L-CANT],EagleSTAR PVal,20260624,14174.02
ONTX,unrealizedAppr[683344105-TRS-12/01/27-L-CANT],EagleSTAR PVal,20260624,9961.58
QJN,unrealizedAppr[2QQQ  270528C00148550],EagleSTAR PVal,20260624,-36020.06
QJN,unrealizedAppr[2QQQ  270528C00905400],EagleSTAR PVal,20260624,5995.46
QJN,unrealizedAppr[2QQQ  270528P00668470],EagleSTAR PVal,20260624,-13495.03
QJN,unrealizedAppr[2QQQ  270528P00742740],EagleSTAR PVal,20260624,19866.57
QMY,unrealizedAppr[2QQQ  270430C00136300],EagleSTAR PVal,20260624,137493.69
QMY,unrealizedAppr[2QQQ  270430C00834840],EagleSTAR PVal,20260624,-68979.40
QMY,unrealizedAppr[2QQQ  270430P00613350],EagleSTAR PVal,20260624,-196.75
QMY,unrealizedAppr[2QQQ  270430P00681500],EagleSTAR PVal,20260624,-508.14
QQJN,unrealizedAppr[2QQQ  270528C00148550],EagleSTAR PVal,20260624,-34186.38
QQJN,unrealizedAppr[2QQQ  270528C00880220],EagleSTAR PVal,20260624,6919.20
QQJN,unrealizedAppr[2QQQ  270528P00631330],EagleSTAR PVal,20260624,-11314.97
QQJN,unrealizedAppr[2QQQ  270528P00742740],EagleSTAR PVal,20260624,20176.16
QQMY,unrealizedAppr[2QQQ  270430C00133550],EagleSTAR PVal,20260624,288543.19
QQMY,unrealizedAppr[2QQQ  270430C00767900],EagleSTAR PVal,20260624,-174414.88
QQMY,unrealizedAppr[2QQQ  270430P00567580],EagleSTAR PVal,20260624,10269.51
QQMY,unrealizedAppr[2QQQ  270430P00667740],EagleSTAR PVal,20260624,-32971.64
RMBC,unrealizedAppr[750917106-TRS-12/01/27-L-CANT],EagleSTAR PVal,20260624,-14383.25
SCJN,unrealizedAppr[2IWM  270528C00057790],EagleSTAR PVal,20260624,31399.90
SCJN,unrealizedAppr[2IWM  270528C00345560],EagleSTAR PVal,20260624,-8045.98
SCJN,unrealizedAppr[2IWM  270528P00245610],EagleSTAR PVal,20260624,5209.90
SCJN,unrealizedAppr[2IWM  270528P00288950],EagleSTAR PVal,20260624,-11187.50
SCMY,unrealizedAppr[2IWM  270430C00056520],EagleSTAR PVal,20260624,194396.24
SCMY,unrealizedAppr[2IWM  270430C00333470],EagleSTAR PVal,20260624,-49783.47
SCMY,unrealizedAppr[2IWM  270430P00240210],EagleSTAR PVal,20260624,42168.76
SCMY,unrealizedAppr[2IWM  270430P00282600],EagleSTAR PVal,20260624,-78853.85
SIMX,unrealizedAppr[82706C108-TRS-12/01/27-L-CANT],EagleSTAR PVal,20260624,4068.25
TAJX,unrealizedAppr[46429B598-TRS-07/05/27-L-MREX],EagleSTAR PVal,20260624,54238.29
TPLX,unrealizedAppr[88262P102-TRS-12/01/27-L-CANT],EagleSTAR PVal,20260624,10362.50
UMCX,unrealizedAppr[910873405-TRS-12/01/27-L-CANT],EagleSTAR PVal,20260624,34200.20
USX,unrealizedAppr[922908769-TRS-07/07/27-L-CLST],EagleSTAR PVal,20260624,-14192.64
VBX,unrealizedAppr[922908751-TRS-07/05/27-L-MREX],EagleSTAR PVal,20260624,5395.33
VOOX,unrealizedAppr[922908363-TRS-07/07/27-L-CLST],EagleSTAR PVal,20260624,-17375.02
WEBX,unrealizedAppr[500767306-TRS-12/01/27-L-CANT],EagleSTAR PVal,20260624,-97487.96
WX,unrealizedAppr[922042742-TRS-07/07/27-L-CLST],EagleSTAR PVal,20260624,-15706.41
XAGI,unrealizedAppr[500767363-TRS-07/05/27-L-MREX],EagleSTAR PVal,20260624,-37177.85
XBIX,unrealizedAppr[78464A870-TRS-12/01/27-L-CANT],EagleSTAR PVal,20260624,206767.36
XCOM,unrealizedAppr[46090F100-TRS-07/05/27-L-MREX],EagleSTAR PVal,20260624,-143988.55
XEUR,unrealizedAppr[922042874-TRS-07/05/27-L-MREX],EagleSTAR PVal,20260624,-25392.88
XHOA,unrealizedAppr[81369Y860-TRS-07/05/27-L-MREX],EagleSTAR PVal,20260624,11727.72
XIWC,unrealizedAppr[464288869-TRS-07/05/27-L-MREX],EagleSTAR PVal,20260624,44658.31
XKRE,unrealizedAppr[78464A698-TRS-12/01/27-L-CANT],EagleSTAR PVal,20260624,72400.15
XLBX,unrealizedAppr[81369Y100-TRS-12/01/27-L-CANT],EagleSTAR PVal,20260624,5752.54
XLEX,unrealizedAppr[81369Y506-TRS-12/01/27-L-CANT],EagleSTAR PVal,20260624,-80116.92
XLFX,unrealizedAppr[81369Y605-TRS-12/01/27-L-CANT],EagleSTAR PVal,20260624,47882.05
XLIX,unrealizedAppr[81369Y704-TRS-12/01/27-L-CANT],EagleSTAR PVal,20260624,61652.81
XLKX,unrealizedAppr[81369Y803-TRS-07/07/27-L-CLST],EagleSTAR PVal,20260624,-30365.19
XLPX,unrealizedAppr[81369Y308-TRS-07/07/27-L-CLST],EagleSTAR PVal,20260624,8485.58
XLUX,unrealizedAppr[81369Y886-TRS-07/07/27-L-CLST],EagleSTAR PVal,20260624,28384.99
XLVX,unrealizedAppr[81369Y209-TRS-07/07/27-L-CLST],EagleSTAR PVal,20260624,15914.34
XLYX,unrealizedAppr[81369Y407-TRS-07/07/27-L-CLST],EagleSTAR PVal,20260624,-10229.85
XPAV,unrealizedAppr[37954Y673-TRS-07/07/27-L-CLST],EagleSTAR PVal,20260624,13238.95
XSEM,unrealizedAppr[92189F676-TRS-07/07/27-L-CLST],EagleSTAR PVal,20260624,3177.97
XTAI,unrealizedAppr[46434G772-TRS-07/05/27-L-MREX],EagleSTAR PVal,20260624,34044.50
XVO,unrealizedAppr[922908629-TRS-07/07/27-L-CLST],EagleSTAR PVal,20260624,7830.85
XVUG,unrealizedAppr[922908736-TRS-07/07/27-L-CLST],EagleSTAR PVal,20260624,-47004.84
XW,unrealizedAppr[921909768-TRS-07/05/27-L-MREX],EagleSTAR PVal,20260624,-14271.52
ACLZ,netRealizedGainMon1,EagleSTAR TrialBalance,20260624,0.00
ACLZ,netUnrealizedApprMon1,EagleSTAR TrialBalance,20260624,0.00
ACLZ,netRealizedGainMon2,EagleSTAR TrialBalance,20260624,0.00
ACLZ,netUnrealizedApprMon2,EagleSTAR TrialBalance,20260624,0.00
ACLZ,netRealizedGainMon3,EagleSTAR TrialBalance,20260624,0.00
ACLZ,netUnrealizedApprMon3,EagleSTAR TrialBalance,20260624,-6398.41
ACLZ,amtPayOneYrOther,EagleSTAR TrialBalance,20260624,77.30
ACMM,netRealizedGainMon1,EagleSTAR TrialBalance,20260624,0.00
ACMM,netUnrealizedApprMon1,EagleSTAR TrialBalance,20260624,0.00
ACMM,netRealizedGainMon2,EagleSTAR TrialBalance,20260624,0.00
ACMM,netUnrealizedApprMon2,EagleSTAR TrialBalance,20260624,0.00
ACMM,netRealizedGainMon3,EagleSTAR TrialBalance,20260624,0.00
ACMM,netUnrealizedApprMon3,EagleSTAR TrialBalance,20260624,12293.53
ACMM,amtPayOneYrOther,EagleSTAR TrialBalance,20260624,105.76
AV,netRealizedGainMon1,EagleSTAR TrialBalance,20260624,0.00
AV,netUnrealizedApprMon1,EagleSTAR TrialBalance,20260624,0.00
AV,netRealizedGainMon2,EagleSTAR TrialBalance,20260624,0.00
AV,netUnrealizedApprMon2,EagleSTAR TrialBalance,20260624,58452.40
AV,netRealizedGainMon3,EagleSTAR TrialBalance,20260624,0.00
AV,netUnrealizedApprMon3,EagleSTAR TrialBalance,20260624,63166.65
AV,amtPayOneYrOther,EagleSTAR TrialBalance,20260624,316.10
BAY,netRealizedGainMon1,EagleSTAR TrialBalance,20260624,0.00
BAY,netUnrealizedApprMon1,EagleSTAR TrialBalance,20260624,0.00
BAY,netRealizedGainMon2,EagleSTAR TrialBalance,20260624,0.00
BAY,netUnrealizedApprMon2,EagleSTAR TrialBalance,20260624,164451.64
BAY,netRealizedGainMon3,EagleSTAR TrialBalance,20260624,0.00
BAY,netUnrealizedApprMon3,EagleSTAR TrialBalance,20260624,-42509.32
BAY,amtPayOneYrOther,EagleSTAR TrialBalance,20260624,262.18
BLCK,netRealizedGainMon1,EagleSTAR TrialBalance,20260624,0.00
BLCK,netUnrealizedApprMon1,EagleSTAR TrialBalance,20260624,0.00
BLCK,netRealizedGainMon2,EagleSTAR TrialBalance,20260624,0.00
BLCK,netUnrealizedApprMon2,EagleSTAR TrialBalance,20260624,36477.60
BLCK,netRealizedGainMon3,EagleSTAR TrialBalance,20260624,0.00
BLCK,netUnrealizedApprMon3,EagleSTAR TrialBalance,20260624,-165783.36
BLCK,amtPayOneYrOther,EagleSTAR TrialBalance,20260624,305.52
BREW,netRealizedGainMon1,EagleSTAR TrialBalance,20260624,0.00
BREW,netUnrealizedApprMon1,EagleSTAR TrialBalance,20260624,0.00
BREW,netRealizedGainMon2,EagleSTAR TrialBalance,20260624,0.00
BREW,netUnrealizedApprMon2,EagleSTAR TrialBalance,20260624,49140.16
BREW,netRealizedGainMon3,EagleSTAR TrialBalance,20260624,0.00
BREW,netUnrealizedApprMon3,EagleSTAR TrialBalance,20260624,25555.20
BREW,amtPayOneYrOther,EagleSTAR TrialBalance,20260624,449.41
BRZX,netRealizedGainMon1,EagleSTAR TrialBalance,20260624,0.00
BRZX,netUnrealizedApprMon1,EagleSTAR TrialBalance,20260624,0.00
BRZX,netRealizedGainMon2,EagleSTAR TrialBalance,20260624,0.00
BRZX,netUnrealizedApprMon2,EagleSTAR TrialBalance,20260624,0.00
BRZX,netRealizedGainMon3,EagleSTAR TrialBalance,20260624,-3633.39
BRZX,netUnrealizedApprMon3,EagleSTAR TrialBalance,20260624,-13381.45
BRZX,amtPayOneYrOther,EagleSTAR TrialBalance,20260624,7076.68
BZZ,netRealizedGainMon1,EagleSTAR TrialBalance,20260624,0.00
BZZ,netUnrealizedApprMon1,EagleSTAR TrialBalance,20260624,0.00
BZZ,netRealizedGainMon2,EagleSTAR TrialBalance,20260624,0.00
BZZ,netUnrealizedApprMon2,EagleSTAR TrialBalance,20260624,264829.03
BZZ,netRealizedGainMon3,EagleSTAR TrialBalance,20260624,0.00
BZZ,netUnrealizedApprMon3,EagleSTAR TrialBalance,20260624,-979615.94
BZZ,amtPayOneYrOther,EagleSTAR TrialBalance,20260624,960.22
CAMC,netRealizedGainMon1,EagleSTAR TrialBalance,20260624,0.00
CAMC,netUnrealizedApprMon1,EagleSTAR TrialBalance,20260624,0.00
CAMC,netRealizedGainMon2,EagleSTAR TrialBalance,20260624,0.00
CAMC,netUnrealizedApprMon2,EagleSTAR TrialBalance,20260624,0.00
CAMC,netRealizedGainMon3,EagleSTAR TrialBalance,20260624,0.00
CAMC,netUnrealizedApprMon3,EagleSTAR TrialBalance,20260624,-7469.91
CAMC,amtPayOneYrOther,EagleSTAR TrialBalance,20260624,77.47
CARX,netRealizedGainMon1,EagleSTAR TrialBalance,20260624,0.00
CARX,netUnrealizedApprMon1,EagleSTAR TrialBalance,20260624,0.00
CARX,netRealizedGainMon2,EagleSTAR TrialBalance,20260624,0.00
CARX,netUnrealizedApprMon2,EagleSTAR TrialBalance,20260624,0.00
CARX,netRealizedGainMon3,EagleSTAR TrialBalance,20260624,0.00
CARX,netUnrealizedApprMon3,EagleSTAR TrialBalance,20260624,5354.41
CARX,amtPayOneYrOther,EagleSTAR TrialBalance,20260624,78.07
CBIL,netRealizedGainMon1,EagleSTAR TrialBalance,20260624,0.00
CBIL,netUnrealizedApprMon1,EagleSTAR TrialBalance,20260624,0.00
CBIL,netRealizedGainMon2,EagleSTAR TrialBalance,20260624,0.00
CBIL,netUnrealizedApprMon2,EagleSTAR TrialBalance,20260624,0.00
CBIL,netRealizedGainMon3,EagleSTAR TrialBalance,20260624,-45.54
CBIL,netUnrealizedApprMon3,EagleSTAR TrialBalance,20260624,-5067.72
CBIL,amtPayOneYrOther,EagleSTAR TrialBalance,20260624,305.48
CBOT,netRealizedGainMon1,EagleSTAR TrialBalance,20260624,0.00
CBOT,netUnrealizedApprMon1,EagleSTAR TrialBalance,20260624,0.00
CBOT,netRealizedGainMon2,EagleSTAR TrialBalance,20260624,0.00
CBOT,netUnrealizedApprMon2,EagleSTAR TrialBalance,20260624,43318.23
CBOT,netRealizedGainMon3,EagleSTAR TrialBalance,20260624,0.00
CBOT,netUnrealizedApprMon3,EagleSTAR TrialBalance,20260624,-469735.24
CBOT,amtPayOneYrOther,EagleSTAR TrialBalance,20260624,824.86
CCPX,netRealizedGainMon1,EagleSTAR TrialBalance,20260624,0.00
CCPX,netUnrealizedApprMon1,EagleSTAR TrialBalance,20260624,0.00
CCPX,netRealizedGainMon2,EagleSTAR TrialBalance,20260624,0.00
CCPX,netUnrealizedApprMon2,EagleSTAR TrialBalance,20260624,0.00
CCPX,netRealizedGainMon3,EagleSTAR TrialBalance,20260624,-11515.98
CCPX,netUnrealizedApprMon3,EagleSTAR TrialBalance,20260624,-195984.30
CCPX,amtPayOneYrOther,EagleSTAR TrialBalance,20260624,17199.21
CGOV,netRealizedGainMon1,EagleSTAR TrialBalance,20260624,0.00
CGOV,netUnrealizedApprMon1,EagleSTAR TrialBalance,20260624,0.00
CGOV,netRealizedGainMon2,EagleSTAR TrialBalance,20260624,0.00
CGOV,netUnrealizedApprMon2,EagleSTAR TrialBalance,20260624,0.00
CGOV,netRealizedGainMon3,EagleSTAR TrialBalance,20260624,-7.27
CGOV,netUnrealizedApprMon3,EagleSTAR TrialBalance,20260624,-35.18
CGOV,amtPayOneYrOther,EagleSTAR TrialBalance,20260624,305.89
CHYG,netRealizedGainMon1,EagleSTAR TrialBalance,20260624,0.00
CHYG,netUnrealizedApprMon1,EagleSTAR TrialBalance,20260624,0.00
CHYG,netRealizedGainMon2,EagleSTAR TrialBalance,20260624,0.00
CHYG,netUnrealizedApprMon2,EagleSTAR TrialBalance,20260624,0.00
CHYG,netRealizedGainMon3,EagleSTAR TrialBalance,20260624,-320.75
CHYG,netUnrealizedApprMon3,EagleSTAR TrialBalance,20260624,-8219.18
CHYG,amtPayOneYrOther,EagleSTAR TrialBalance,20260624,265.28
CIEI,netRealizedGainMon1,EagleSTAR TrialBalance,20260624,0.00
CIEI,netUnrealizedApprMon1,EagleSTAR TrialBalance,20260624,0.00
CIEI,netRealizedGainMon2,EagleSTAR TrialBalance,20260624,0.00
CIEI,netUnrealizedApprMon2,EagleSTAR TrialBalance,20260624,0.00
CIEI,netRealizedGainMon3,EagleSTAR TrialBalance,20260624,-30.17
CIEI,netUnrealizedApprMon3,EagleSTAR TrialBalance,20260624,1684.47
CIEI,amtPayOneYrOther,EagleSTAR TrialBalance,20260624,41.10
CIVG,netRealizedGainMon1,EagleSTAR TrialBalance,20260624,0.00
CIVG,netUnrealizedApprMon1,EagleSTAR TrialBalance,20260624,0.00
CIVG,netRealizedGainMon2,EagleSTAR TrialBalance,20260624,0.00
CIVG,netUnrealizedApprMon2,EagleSTAR TrialBalance,20260624,0.00
CIVG,netRealizedGainMon3,EagleSTAR TrialBalance,20260624,0.00
CIVG,netUnrealizedApprMon3,EagleSTAR TrialBalance,20260624,-3861.87
CIVG,amtPayOneYrOther,EagleSTAR TrialBalance,20260624,54.44
CJUN,netRealizedGainMon1,EagleSTAR TrialBalance,20260624,0.00
CJUN,netUnrealizedApprMon1,EagleSTAR TrialBalance,20260624,0.00
CJUN,netRealizedGainMon2,EagleSTAR TrialBalance,20260624,0.00
CJUN,netUnrealizedApprMon2,EagleSTAR TrialBalance,20260624,0.00
CJUN,netRealizedGainMon3,EagleSTAR TrialBalance,20260624,-191.38
CJUN,netUnrealizedApprMon3,EagleSTAR TrialBalance,20260624,-14101.70
CJUN,amtPayOneYrOther,EagleSTAR TrialBalance,20260624,309.62
CMAG,netRealizedGainMon1,EagleSTAR TrialBalance,20260624,0.00
CMAG,netUnrealizedApprMon1,EagleSTAR TrialBalance,20260624,0.00
CMAG,netRealizedGainMon2,EagleSTAR TrialBalance,20260624,9654.55
CMAG,netUnrealizedApprMon2,EagleSTAR TrialBalance,20260624,70831.31
CMAG,netRealizedGainMon3,EagleSTAR TrialBalance,20260624,-3631.23
CMAG,netUnrealizedApprMon3,EagleSTAR TrialBalance,20260624,-512507.24
CMAG,amtPayOneYrOther,EagleSTAR TrialBalance,20260624,9319.20
CMAY,netRealizedGainMon1,EagleSTAR TrialBalance,20260624,0.00
CMAY,netUnrealizedApprMon1,EagleSTAR TrialBalance,20260624,0.00
CMAY,netRealizedGainMon2,EagleSTAR TrialBalance,20260624,0.00
CMAY,netUnrealizedApprMon2,EagleSTAR TrialBalance,20260624,120549.32
CMAY,netRealizedGainMon3,EagleSTAR TrialBalance,20260624,-17369.45
CMAY,netUnrealizedApprMon3,EagleSTAR TrialBalance,20260624,-22715.44
CMAY,amtPayOneYrOther,EagleSTAR TrialBalance,20260624,1269.05
CQTM,netRealizedGainMon1,EagleSTAR TrialBalance,20260624,0.00
CQTM,netUnrealizedApprMon1,EagleSTAR TrialBalance,20260624,0.00
CQTM,netRealizedGainMon2,EagleSTAR TrialBalance,20260624,0.00
CQTM,netUnrealizedApprMon2,EagleSTAR TrialBalance,20260624,749259.68
CQTM,netRealizedGainMon3,EagleSTAR TrialBalance,20260624,-70957.76
CQTM,netUnrealizedApprMon3,EagleSTAR TrialBalance,20260624,-348713.56
CQTM,amtPayOneYrOther,EagleSTAR TrialBalance,20260624,2440.07
CRUC,netRealizedGainMon1,EagleSTAR TrialBalance,20260624,0.00
CRUC,netUnrealizedApprMon1,EagleSTAR TrialBalance,20260624,0.00
CRUC,netRealizedGainMon2,EagleSTAR TrialBalance,20260624,0.00
CRUC,netUnrealizedApprMon2,EagleSTAR TrialBalance,20260624,0.00
CRUC,netRealizedGainMon3,EagleSTAR TrialBalance,20260624,0.00
CRUC,netUnrealizedApprMon3,EagleSTAR TrialBalance,20260624,-528.66
CRUC,amtPayOneYrOther,EagleSTAR TrialBalance,20260624,78.37
CTJN,netRealizedGainMon1,EagleSTAR TrialBalance,20260624,0.00
CTJN,netUnrealizedApprMon1,EagleSTAR TrialBalance,20260624,0.00
CTJN,netRealizedGainMon2,EagleSTAR TrialBalance,20260624,0.00
CTJN,netUnrealizedApprMon2,EagleSTAR TrialBalance,20260624,0.00
CTJN,netRealizedGainMon3,EagleSTAR TrialBalance,20260624,-138.92
CTJN,netUnrealizedApprMon3,EagleSTAR TrialBalance,20260624,-11535.95
CTJN,amtPayOneYrOther,EagleSTAR TrialBalance,20260624,239.86
CTMA,netRealizedGainMon1,EagleSTAR TrialBalance,20260624,0.00
CTMA,netUnrealizedApprMon1,EagleSTAR TrialBalance,20260624,0.00
CTMA,netRealizedGainMon2,EagleSTAR TrialBalance,20260624,0.00
CTMA,netUnrealizedApprMon2,EagleSTAR TrialBalance,20260624,81427.05
CTMA,netRealizedGainMon3,EagleSTAR TrialBalance,20260624,-1286.37
CTMA,netUnrealizedApprMon3,EagleSTAR TrialBalance,20260624,-42194.66
CTMA,amtPayOneYrOther,EagleSTAR TrialBalance,20260624,597.71
CUST,netRealizedGainMon1,EagleSTAR TrialBalance,20260624,0.00
CUST,netUnrealizedApprMon1,EagleSTAR TrialBalance,20260624,0.00
CUST,netRealizedGainMon2,EagleSTAR TrialBalance,20260624,0.00
CUST,netUnrealizedApprMon2,EagleSTAR TrialBalance,20260624,0.00
CUST,netRealizedGainMon3,EagleSTAR TrialBalance,20260624,-41.37
CUST,netUnrealizedApprMon3,EagleSTAR TrialBalance,20260624,-8979.20
CUST,amtPayOneYrOther,EagleSTAR TrialBalance,20260624,106.88
DIPR,netRealizedGainMon1,EagleSTAR TrialBalance,20260624,0.00
DIPR,netUnrealizedApprMon1,EagleSTAR TrialBalance,20260624,0.00
DIPR,netRealizedGainMon2,EagleSTAR TrialBalance,20260624,0.00
DIPR,netUnrealizedApprMon2,EagleSTAR TrialBalance,20260624,704610.86
DIPR,netRealizedGainMon3,EagleSTAR TrialBalance,20260624,0.00
DIPR,netUnrealizedApprMon3,EagleSTAR TrialBalance,20260624,-1304302.72
DIPR,amtPayOneYrOther,EagleSTAR TrialBalance,20260624,902.51
DOCK,netRealizedGainMon1,EagleSTAR TrialBalance,20260624,0.00
DOCK,netUnrealizedApprMon1,EagleSTAR TrialBalance,20260624,0.00
DOCK,netRealizedGainMon2,EagleSTAR TrialBalance,20260624,0.00
DOCK,netUnrealizedApprMon2,EagleSTAR TrialBalance,20260624,37907.37
DOCK,netRealizedGainMon3,EagleSTAR TrialBalance,20260624,0.00
DOCK,netUnrealizedApprMon3,EagleSTAR TrialBalance,20260624,4962.63
DOCK,amtPayOneYrOther,EagleSTAR TrialBalance,20260624,437.79
EMJN,netRealizedGainMon1,EagleSTAR TrialBalance,20260624,0.00
EMJN,netUnrealizedApprMon1,EagleSTAR TrialBalance,20260624,0.00
EMJN,netRealizedGainMon2,EagleSTAR TrialBalance,20260624,0.00
EMJN,netUnrealizedApprMon2,EagleSTAR TrialBalance,20260624,0.00
EMJN,netRealizedGainMon3,EagleSTAR TrialBalance,20260624,-126.36
EMJN,netUnrealizedApprMon3,EagleSTAR TrialBalance,20260624,-26368.97
EMJN,amtPayOneYrOther,EagleSTAR TrialBalance,20260624,315.64
EMMY,netRealizedGainMon1,EagleSTAR TrialBalance,20260624,0.00
EMMY,netUnrealizedApprMon1,EagleSTAR TrialBalance,20260624,0.00
EMMY,netRealizedGainMon2,EagleSTAR TrialBalance,20260624,-15989.39
EMMY,netUnrealizedApprMon2,EagleSTAR TrialBalance,20260624,-35347.94
EMMY,netRealizedGainMon3,EagleSTAR TrialBalance,20260624,-15534.69
EMMY,netUnrealizedApprMon3,EagleSTAR TrialBalance,20260624,-51223.32
EMMY,amtPayOneYrOther,EagleSTAR TrialBalance,20260624,617.63
EMXX,netRealizedGainMon1,EagleSTAR TrialBalance,20260624,0.00
EMXX,netUnrealizedApprMon1,EagleSTAR TrialBalance,20260624,0.00
EMXX,netRealizedGainMon2,EagleSTAR TrialBalance,20260624,0.00
EMXX,netUnrealizedApprMon2,EagleSTAR TrialBalance,20260624,0.00
EMXX,netRealizedGainMon3,EagleSTAR TrialBalance,20260624,-2768.90
EMXX,netUnrealizedApprMon3,EagleSTAR TrialBalance,20260624,-19018.61
EMXX,amtPayOneYrOther,EagleSTAR TrialBalance,20260624,5184.62
EUV,netRealizedGainMon1,EagleSTAR TrialBalance,20260624,0.00
EUV,netUnrealizedApprMon1,EagleSTAR TrialBalance,20260624,0.00
EUV,netRealizedGainMon2,EagleSTAR TrialBalance,20260624,-505186.45
EUV,netUnrealizedApprMon2,EagleSTAR TrialBalance,20260624,2813299.02
EUV,netRealizedGainMon3,EagleSTAR TrialBalance,20260624,-5049735.41
EUV,netUnrealizedApprMon3,EagleSTAR TrialBalance,20260624,15886525.95
EUV,amtPayOneYrOther,EagleSTAR TrialBalance,20260624,2807055.08
EUVX,netRealizedGainMon1,EagleSTAR TrialBalance,20260624,0.00
EUVX,netUnrealizedApprMon1,EagleSTAR TrialBalance,20260624,0.00
EUVX,netRealizedGainMon2,EagleSTAR TrialBalance,20260624,0.00
EUVX,netUnrealizedApprMon2,EagleSTAR TrialBalance,20260624,0.00
EUVX,netRealizedGainMon3,EagleSTAR TrialBalance,20260624,-26101.53
EUVX,netUnrealizedApprMon3,EagleSTAR TrialBalance,20260624,41644.75
EUVX,amtPayOneYrOther,EagleSTAR TrialBalance,20260624,31338.92
EYES,netRealizedGainMon1,EagleSTAR TrialBalance,20260624,0.00
EYES,netUnrealizedApprMon1,EagleSTAR TrialBalance,20260624,0.00
EYES,netRealizedGainMon2,EagleSTAR TrialBalance,20260624,0.00
EYES,netUnrealizedApprMon2,EagleSTAR TrialBalance,20260624,153568.71
EYES,netRealizedGainMon3,EagleSTAR TrialBalance,20260624,0.00
EYES,netUnrealizedApprMon3,EagleSTAR TrialBalance,20260624,-458745.75
EYES,amtPayOneYrOther,EagleSTAR TrialBalance,20260624,732.47
FDRS,netRealizedGainMon1,EagleSTAR TrialBalance,20260624,-868449.75
FDRS,netUnrealizedApprMon1,EagleSTAR TrialBalance,20260624,-788520.00
FDRS,netRealizedGainMon2,EagleSTAR TrialBalance,20260624,-174418.82
FDRS,netUnrealizedApprMon2,EagleSTAR TrialBalance,20260624,10714671.86
FDRS,netRealizedGainMon3,EagleSTAR TrialBalance,20260624,-415386.43
FDRS,netUnrealizedApprMon3,EagleSTAR TrialBalance,20260624,-9913495.93
FDRS,amtPayOneYrOther,EagleSTAR TrialBalance,20260624,31344.30
FDRX,netRealizedGainMon1,EagleSTAR TrialBalance,20260624,-1098696.15
FDRX,netUnrealizedApprMon1,EagleSTAR TrialBalance,20260624,951436.51
FDRX,netRealizedGainMon2,EagleSTAR TrialBalance,20260624,-33857.11
FDRX,netUnrealizedApprMon2,EagleSTAR TrialBalance,20260624,4553624.15
FDRX,netRealizedGainMon3,EagleSTAR TrialBalance,20260624,-142837.30
FDRX,netUnrealizedApprMon3,EagleSTAR TrialBalance,20260624,-4381785.50
FDRX,amtPayOneYrOther,EagleSTAR TrialBalance,20260624,533718.36
GASZ,netRealizedGainMon1,EagleSTAR TrialBalance,20260624,0.00
GASZ,netUnrealizedApprMon1,EagleSTAR TrialBalance,20260624,0.00
GASZ,netRealizedGainMon2,EagleSTAR TrialBalance,20260624,-4961.44
GASZ,netUnrealizedApprMon2,EagleSTAR TrialBalance,20260624,-191332.04
GASZ,netRealizedGainMon3,EagleSTAR TrialBalance,20260624,0.00
GASZ,netUnrealizedApprMon3,EagleSTAR TrialBalance,20260624,707890.41
GASZ,amtPayOneYrOther,EagleSTAR TrialBalance,20260624,2062.24
GLAM,netRealizedGainMon1,EagleSTAR TrialBalance,20260624,0.00
GLAM,netUnrealizedApprMon1,EagleSTAR TrialBalance,20260624,0.00
GLAM,netRealizedGainMon2,EagleSTAR TrialBalance,20260624,-14.64
GLAM,netUnrealizedApprMon2,EagleSTAR TrialBalance,20260624,-3949.79
GLAM,netRealizedGainMon3,EagleSTAR TrialBalance,20260624,0.00
GLAM,netUnrealizedApprMon3,EagleSTAR TrialBalance,20260624,73450.60
GLAM,amtPayOneYrOther,EagleSTAR TrialBalance,20260624,324.11
GNMX,netRealizedGainMon1,EagleSTAR TrialBalance,20260624,0.00
GNMX,netUnrealizedApprMon1,EagleSTAR TrialBalance,20260624,0.00
GNMX,netRealizedGainMon2,EagleSTAR TrialBalance,20260624,0.00
GNMX,netUnrealizedApprMon2,EagleSTAR TrialBalance,20260624,81678.03
GNMX,netRealizedGainMon3,EagleSTAR TrialBalance,20260624,0.00
GNMX,netUnrealizedApprMon3,EagleSTAR TrialBalance,20260624,121835.41
GNMX,amtPayOneYrOther,EagleSTAR TrialBalance,20260624,340.68
HJUN,netRealizedGainMon1,EagleSTAR TrialBalance,20260624,0.00
HJUN,netUnrealizedApprMon1,EagleSTAR TrialBalance,20260624,0.00
HJUN,netRealizedGainMon2,EagleSTAR TrialBalance,20260624,0.00
HJUN,netUnrealizedApprMon2,EagleSTAR TrialBalance,20260624,0.00
HJUN,netRealizedGainMon3,EagleSTAR TrialBalance,20260624,-139.65
HJUN,netUnrealizedApprMon3,EagleSTAR TrialBalance,20260624,-2904.07
HJUN,amtPayOneYrOther,EagleSTAR TrialBalance,20260624,253.21
HMAY,netRealizedGainMon1,EagleSTAR TrialBalance,20260624,0.00
HMAY,netUnrealizedApprMon1,EagleSTAR TrialBalance,20260624,0.00
HMAY,netRealizedGainMon2,EagleSTAR TrialBalance,20260624,0.00
HMAY,netUnrealizedApprMon2,EagleSTAR TrialBalance,20260624,40287.63
HMAY,netRealizedGainMon3,EagleSTAR TrialBalance,20260624,-1403.39
HMAY,netUnrealizedApprMon3,EagleSTAR TrialBalance,20260624,-14293.50
HMAY,amtPayOneYrOther,EagleSTAR TrialBalance,20260624,610.65
HULL,netRealizedGainMon1,EagleSTAR TrialBalance,20260624,0.00
HULL,netUnrealizedApprMon1,EagleSTAR TrialBalance,20260624,0.00
HULL,netRealizedGainMon2,EagleSTAR TrialBalance,20260624,0.00
HULL,netUnrealizedApprMon2,EagleSTAR TrialBalance,20260624,-61241.68
HULL,netRealizedGainMon3,EagleSTAR TrialBalance,20260624,0.00
HULL,netUnrealizedApprMon3,EagleSTAR TrialBalance,20260624,-27946.82
HULL,amtPayOneYrOther,EagleSTAR TrialBalance,20260624,642.98
IDJN,netRealizedGainMon1,EagleSTAR TrialBalance,20260624,0.00
IDJN,netUnrealizedApprMon1,EagleSTAR TrialBalance,20260624,0.00
IDJN,netRealizedGainMon2,EagleSTAR TrialBalance,20260624,0.00
IDJN,netUnrealizedApprMon2,EagleSTAR TrialBalance,20260624,0.00
IDJN,netRealizedGainMon3,EagleSTAR TrialBalance,20260624,-15598.57
IDJN,netUnrealizedApprMon3,EagleSTAR TrialBalance,20260624,3437.03
IDJN,amtPayOneYrOther,EagleSTAR TrialBalance,20260624,309.29
IDMY,netRealizedGainMon1,EagleSTAR TrialBalance,20260624,0.00
IDMY,netUnrealizedApprMon1,EagleSTAR TrialBalance,20260624,0.00
IDMY,netRealizedGainMon2,EagleSTAR TrialBalance,20260624,0.00
IDMY,netUnrealizedApprMon2,EagleSTAR TrialBalance,20260624,-27283.00
IDMY,netRealizedGainMon3,EagleSTAR TrialBalance,20260624,-7543.28
IDMY,netUnrealizedApprMon3,EagleSTAR TrialBalance,20260624,-24414.77
IDMY,amtPayOneYrOther,EagleSTAR TrialBalance,20260624,609.37
JOUL,netRealizedGainMon1,EagleSTAR TrialBalance,20260624,0.00
JOUL,netUnrealizedApprMon1,EagleSTAR TrialBalance,20260624,0.00
JOUL,netRealizedGainMon2,EagleSTAR TrialBalance,20260624,0.00
JOUL,netUnrealizedApprMon2,EagleSTAR TrialBalance,20260624,-119002.54
JOUL,netRealizedGainMon3,EagleSTAR TrialBalance,20260624,0.00
JOUL,netUnrealizedApprMon3,EagleSTAR TrialBalance,20260624,290183.12
JOUL,amtPayOneYrOther,EagleSTAR TrialBalance,20260624,1737.42
JUNC,netRealizedGainMon1,EagleSTAR TrialBalance,20260624,0.00
JUNC,netUnrealizedApprMon1,EagleSTAR TrialBalance,20260624,0.00
JUNC,netRealizedGainMon2,EagleSTAR TrialBalance,20260624,0.00
JUNC,netUnrealizedApprMon2,EagleSTAR TrialBalance,20260624,0.00
JUNC,netRealizedGainMon3,EagleSTAR TrialBalance,20260624,-136.70
JUNC,netUnrealizedApprMon3,EagleSTAR TrialBalance,20260624,-15234.90
JUNC,amtPayOneYrOther,EagleSTAR TrialBalance,20260624,277.33
KEYX,netRealizedGainMon1,EagleSTAR TrialBalance,20260624,0.00
KEYX,netUnrealizedApprMon1,EagleSTAR TrialBalance,20260624,0.00
KEYX,netRealizedGainMon2,EagleSTAR TrialBalance,20260624,0.00
KEYX,netUnrealizedApprMon2,EagleSTAR TrialBalance,20260624,0.00
KEYX,netRealizedGainMon3,EagleSTAR TrialBalance,20260624,0.00
KEYX,netUnrealizedApprMon3,EagleSTAR TrialBalance,20260624,-1983.26
KEYX,amtPayOneYrOther,EagleSTAR TrialBalance,20260624,77.68
KRWX,netRealizedGainMon1,EagleSTAR TrialBalance,20260624,0.00
KRWX,netUnrealizedApprMon1,EagleSTAR TrialBalance,20260624,0.00
KRWX,netRealizedGainMon2,EagleSTAR TrialBalance,20260624,0.00
KRWX,netUnrealizedApprMon2,EagleSTAR TrialBalance,20260624,0.00
KRWX,netRealizedGainMon3,EagleSTAR TrialBalance,20260624,280064.85
KRWX,netUnrealizedApprMon3,EagleSTAR TrialBalance,20260624,-28744.82
KRWX,amtPayOneYrOther,EagleSTAR TrialBalance,20260624,25397.58
KYC,netRealizedGainMon1,EagleSTAR TrialBalance,20260624,0.00
KYC,netUnrealizedApprMon1,EagleSTAR TrialBalance,20260624,0.00
KYC,netRealizedGainMon2,EagleSTAR TrialBalance,20260624,0.00
KYC,netUnrealizedApprMon2,EagleSTAR TrialBalance,20260624,-351.44
KYC,netRealizedGainMon3,EagleSTAR TrialBalance,20260624,0.00
KYC,netUnrealizedApprMon3,EagleSTAR TrialBalance,20260624,-67945.92
KYC,amtPayOneYrOther,EagleSTAR TrialBalance,20260624,323.40
LASC,netRealizedGainMon1,EagleSTAR TrialBalance,20260624,0.00
LASC,netUnrealizedApprMon1,EagleSTAR TrialBalance,20260624,0.00
LASC,netRealizedGainMon2,EagleSTAR TrialBalance,20260624,0.00
LASC,netUnrealizedApprMon2,EagleSTAR TrialBalance,20260624,0.00
LASC,netRealizedGainMon3,EagleSTAR TrialBalance,20260624,0.00
LASC,netUnrealizedApprMon3,EagleSTAR TrialBalance,20260624,-19934.06
LASC,amtPayOneYrOther,EagleSTAR TrialBalance,20260624,77.98
LATR,netRealizedGainMon1,EagleSTAR TrialBalance,20260624,0.00
LATR,netUnrealizedApprMon1,EagleSTAR TrialBalance,20260624,0.00
LATR,netRealizedGainMon2,EagleSTAR TrialBalance,20260624,0.00
LATR,netUnrealizedApprMon2,EagleSTAR TrialBalance,20260624,60604.04
LATR,netRealizedGainMon3,EagleSTAR TrialBalance,20260624,0.00
LATR,netUnrealizedApprMon3,EagleSTAR TrialBalance,20260624,35416.92
LATR,amtPayOneYrOther,EagleSTAR TrialBalance,20260624,345.59
LRNX,netRealizedGainMon1,EagleSTAR TrialBalance,20260624,0.00
LRNX,netUnrealizedApprMon1,EagleSTAR TrialBalance,20260624,0.00
LRNX,netRealizedGainMon2,EagleSTAR TrialBalance,20260624,0.00
LRNX,netUnrealizedApprMon2,EagleSTAR TrialBalance,20260624,0.00
LRNX,netRealizedGainMon3,EagleSTAR TrialBalance,20260624,0.00
LRNX,netUnrealizedApprMon3,EagleSTAR TrialBalance,20260624,10869.30
LRNX,amtPayOneYrOther,EagleSTAR TrialBalance,20260624,78.22
MAYC,netRealizedGainMon1,EagleSTAR TrialBalance,20260624,0.00
MAYC,netUnrealizedApprMon1,EagleSTAR TrialBalance,20260624,0.00
MAYC,netRealizedGainMon2,EagleSTAR TrialBalance,20260624,0.00
MAYC,netUnrealizedApprMon2,EagleSTAR TrialBalance,20260624,149438.95
MAYC,netRealizedGainMon3,EagleSTAR TrialBalance,20260624,-14614.73
MAYC,netUnrealizedApprMon3,EagleSTAR TrialBalance,20260624,-39710.68
MAYC,amtPayOneYrOther,EagleSTAR TrialBalance,20260624,553.88
MGKX,netRealizedGainMon1,EagleSTAR TrialBalance,20260624,0.00
MGKX,netUnrealizedApprMon1,EagleSTAR TrialBalance,20260624,0.00
MGKX,netRealizedGainMon2,EagleSTAR TrialBalance,20260624,0.00
MGKX,netUnrealizedApprMon2,EagleSTAR TrialBalance,20260624,0.00
MGKX,netRealizedGainMon3,EagleSTAR TrialBalance,20260624,-6223.42
MGKX,netUnrealizedApprMon3,EagleSTAR TrialBalance,20260624,-44948.92
MGKX,amtPayOneYrOther,EagleSTAR TrialBalance,20260624,9483.84
MNSX,netRealizedGainMon1,EagleSTAR TrialBalance,20260624,0.00
MNSX,netUnrealizedApprMon1,EagleSTAR TrialBalance,20260624,0.00
MNSX,netRealizedGainMon2,EagleSTAR TrialBalance,20260624,0.00
MNSX,netUnrealizedApprMon2,EagleSTAR TrialBalance,20260624,0.00
MNSX,netRealizedGainMon3,EagleSTAR TrialBalance,20260624,0.00
MNSX,netUnrealizedApprMon3,EagleSTAR TrialBalance,20260624,5212.30
MNSX,amtPayOneYrOther,EagleSTAR TrialBalance,20260624,78.07
MSIX,netRealizedGainMon1,EagleSTAR TrialBalance,20260624,0.00
MSIX,netUnrealizedApprMon1,EagleSTAR TrialBalance,20260624,0.00
MSIX,netRealizedGainMon2,EagleSTAR TrialBalance,20260624,0.00
MSIX,netUnrealizedApprMon2,EagleSTAR TrialBalance,20260624,0.00
MSIX,netRealizedGainMon3,EagleSTAR TrialBalance,20260624,0.00
MSIX,netUnrealizedApprMon3,EagleSTAR TrialBalance,20260624,14096.25
MSIX,amtPayOneYrOther,EagleSTAR TrialBalance,20260624,77.77
NYNY,netRealizedGainMon1,EagleSTAR TrialBalance,20260624,0.00
NYNY,netUnrealizedApprMon1,EagleSTAR TrialBalance,20260624,0.00
NYNY,netRealizedGainMon2,EagleSTAR TrialBalance,20260624,0.00
NYNY,netUnrealizedApprMon2,EagleSTAR TrialBalance,20260624,23665.36
NYNY,netRealizedGainMon3,EagleSTAR TrialBalance,20260624,0.00
NYNY,netUnrealizedApprMon3,EagleSTAR TrialBalance,20260624,15384.93
NYNY,amtPayOneYrOther,EagleSTAR TrialBalance,20260624,189.07
ODDZ,netRealizedGainMon1,EagleSTAR TrialBalance,20260624,0.00
ODDZ,netUnrealizedApprMon1,EagleSTAR TrialBalance,20260624,0.00
ODDZ,netRealizedGainMon2,EagleSTAR TrialBalance,20260624,0.00
ODDZ,netUnrealizedApprMon2,EagleSTAR TrialBalance,20260624,2575.75
ODDZ,netRealizedGainMon3,EagleSTAR TrialBalance,20260624,61756.86
ODDZ,netUnrealizedApprMon3,EagleSTAR TrialBalance,20260624,37289.31
ODDZ,amtPayOneYrOther,EagleSTAR TrialBalance,20260624,379.80
ONTX,netRealizedGainMon1,EagleSTAR TrialBalance,20260624,0.00
ONTX,netUnrealizedApprMon1,EagleSTAR TrialBalance,20260624,0.00
ONTX,netRealizedGainMon2,EagleSTAR TrialBalance,20260624,0.00
ONTX,netUnrealizedApprMon2,EagleSTAR TrialBalance,20260624,0.00
ONTX,netRealizedGainMon3,EagleSTAR TrialBalance,20260624,0.00
ONTX,netUnrealizedApprMon3,EagleSTAR TrialBalance,20260624,9883.55
ONTX,amtPayOneYrOther,EagleSTAR TrialBalance,20260624,78.03
OWN,netRealizedGainMon1,EagleSTAR TrialBalance,20260624,0.00
OWN,netUnrealizedApprMon1,EagleSTAR TrialBalance,20260624,0.00
OWN,netRealizedGainMon2,EagleSTAR TrialBalance,20260624,0.00
OWN,netUnrealizedApprMon2,EagleSTAR TrialBalance,20260624,0.00
OWN,netRealizedGainMon3,EagleSTAR TrialBalance,20260624,3378.43
OWN,netUnrealizedApprMon3,EagleSTAR TrialBalance,20260624,-77612.56
OWN,amtPayOneYrOther,EagleSTAR TrialBalance,20260624,694.78
PTNT,netRealizedGainMon1,EagleSTAR TrialBalance,20260624,0.00
PTNT,netUnrealizedApprMon1,EagleSTAR TrialBalance,20260624,0.00
PTNT,netRealizedGainMon2,EagleSTAR TrialBalance,20260624,-766.41
PTNT,netUnrealizedApprMon2,EagleSTAR TrialBalance,20260624,94341.62
PTNT,netRealizedGainMon3,EagleSTAR TrialBalance,20260624,0.00
PTNT,netUnrealizedApprMon3,EagleSTAR TrialBalance,20260624,-60236.53
PTNT,amtPayOneYrOther,EagleSTAR TrialBalance,20260624,342.25
QJN,netRealizedGainMon1,EagleSTAR TrialBalance,20260624,0.00
QJN,netUnrealizedApprMon1,EagleSTAR TrialBalance,20260624,0.00
QJN,netRealizedGainMon2,EagleSTAR TrialBalance,20260624,0.00
QJN,netUnrealizedApprMon2,EagleSTAR TrialBalance,20260624,0.00
QJN,netRealizedGainMon3,EagleSTAR TrialBalance,20260624,-138.92
QJN,netUnrealizedApprMon3,EagleSTAR TrialBalance,20260624,-23877.82
QJN,amtPayOneYrOther,EagleSTAR TrialBalance,20260624,238.33
QMY,netRealizedGainMon1,EagleSTAR TrialBalance,20260624,0.00
QMY,netUnrealizedApprMon1,EagleSTAR TrialBalance,20260624,0.00
QMY,netRealizedGainMon2,EagleSTAR TrialBalance,20260624,0.00
QMY,netUnrealizedApprMon2,EagleSTAR TrialBalance,20260624,190630.01
QMY,netRealizedGainMon3,EagleSTAR TrialBalance,20260624,7400.30
QMY,netUnrealizedApprMon3,EagleSTAR TrialBalance,20260624,-125264.53
QMY,amtPayOneYrOther,EagleSTAR TrialBalance,20260624,609.62
QQJN,netRealizedGainMon1,EagleSTAR TrialBalance,20260624,0.00
QQJN,netUnrealizedApprMon1,EagleSTAR TrialBalance,20260624,0.00
QQJN,netRealizedGainMon2,EagleSTAR TrialBalance,20260624,0.00
QQJN,netUnrealizedApprMon2,EagleSTAR TrialBalance,20260624,0.00
QQJN,netRealizedGainMon3,EagleSTAR TrialBalance,20260624,-140.40
QQJN,netUnrealizedApprMon3,EagleSTAR TrialBalance,20260624,-18633.12
QQJN,amtPayOneYrOther,EagleSTAR TrialBalance,20260624,276.89
QQMY,netRealizedGainMon1,EagleSTAR TrialBalance,20260624,0.00
QQMY,netUnrealizedApprMon1,EagleSTAR TrialBalance,20260624,0.00
QQMY,netRealizedGainMon2,EagleSTAR TrialBalance,20260624,0.00
QQMY,netUnrealizedApprMon2,EagleSTAR TrialBalance,20260624,192881.06
QQMY,netRealizedGainMon3,EagleSTAR TrialBalance,20260624,14571.88
QQMY,netUnrealizedApprMon3,EagleSTAR TrialBalance,20260624,-103934.17
QQMY,amtPayOneYrOther,EagleSTAR TrialBalance,20260624,610.33
RMBC,netRealizedGainMon1,EagleSTAR TrialBalance,20260624,0.00
RMBC,netUnrealizedApprMon1,EagleSTAR TrialBalance,20260624,0.00
RMBC,netRealizedGainMon2,EagleSTAR TrialBalance,20260624,0.00
RMBC,netUnrealizedApprMon2,EagleSTAR TrialBalance,20260624,0.00
RMBC,netRealizedGainMon3,EagleSTAR TrialBalance,20260624,0.00
RMBC,netUnrealizedApprMon3,EagleSTAR TrialBalance,20260624,-14460.74
RMBC,amtPayOneYrOther,EagleSTAR TrialBalance,20260624,77.49
SCJN,netRealizedGainMon1,EagleSTAR TrialBalance,20260624,0.00
SCJN,netUnrealizedApprMon1,EagleSTAR TrialBalance,20260624,0.00
SCJN,netRealizedGainMon2,EagleSTAR TrialBalance,20260624,0.00
SCJN,netUnrealizedApprMon2,EagleSTAR TrialBalance,20260624,0.00
SCJN,netRealizedGainMon3,EagleSTAR TrialBalance,20260624,-138.18
SCJN,netUnrealizedApprMon3,EagleSTAR TrialBalance,20260624,17152.76
SCJN,amtPayOneYrOther,EagleSTAR TrialBalance,20260624,242.40
SCMY,netRealizedGainMon1,EagleSTAR TrialBalance,20260624,0.00
SCMY,netUnrealizedApprMon1,EagleSTAR TrialBalance,20260624,0.00
SCMY,netRealizedGainMon2,EagleSTAR TrialBalance,20260624,0.00
SCMY,netUnrealizedApprMon2,EagleSTAR TrialBalance,20260624,55920.23
SCMY,netRealizedGainMon3,EagleSTAR TrialBalance,20260624,1925.23
SCMY,netUnrealizedApprMon3,EagleSTAR TrialBalance,20260624,49618.91
SCMY,amtPayOneYrOther,EagleSTAR TrialBalance,20260624,599.13
SIMX,netRealizedGainMon1,EagleSTAR TrialBalance,20260624,0.00
SIMX,netUnrealizedApprMon1,EagleSTAR TrialBalance,20260624,0.00
SIMX,netRealizedGainMon2,EagleSTAR TrialBalance,20260624,0.00
SIMX,netUnrealizedApprMon2,EagleSTAR TrialBalance,20260624,0.00
SIMX,netRealizedGainMon3,EagleSTAR TrialBalance,20260624,0.00
SIMX,netUnrealizedApprMon3,EagleSTAR TrialBalance,20260624,3990.20
SIMX,amtPayOneYrOther,EagleSTAR TrialBalance,20260624,78.05
STYL,netRealizedGainMon1,EagleSTAR TrialBalance,20260624,0.00
STYL,netUnrealizedApprMon1,EagleSTAR TrialBalance,20260624,0.00
STYL,netRealizedGainMon2,EagleSTAR TrialBalance,20260624,-389.44
STYL,netUnrealizedApprMon2,EagleSTAR TrialBalance,20260624,31904.38
STYL,netRealizedGainMon3,EagleSTAR TrialBalance,20260624,0.00
STYL,netUnrealizedApprMon3,EagleSTAR TrialBalance,20260624,4816.95
STYL,amtPayOneYrOther,EagleSTAR TrialBalance,20260624,333.62
TAJX,netRealizedGainMon1,EagleSTAR TrialBalance,20260624,0.00
TAJX,netUnrealizedApprMon1,EagleSTAR TrialBalance,20260624,0.00
TAJX,netRealizedGainMon2,EagleSTAR TrialBalance,20260624,0.00
TAJX,netUnrealizedApprMon2,EagleSTAR TrialBalance,20260624,0.00
TAJX,netRealizedGainMon3,EagleSTAR TrialBalance,20260624,-644.95
TAJX,netUnrealizedApprMon3,EagleSTAR TrialBalance,20260624,50359.56
TAJX,amtPayOneYrOther,EagleSTAR TrialBalance,20260624,4722.63
TPLX,netRealizedGainMon1,EagleSTAR TrialBalance,20260624,0.00
TPLX,netUnrealizedApprMon1,EagleSTAR TrialBalance,20260624,0.00
TPLX,netRealizedGainMon2,EagleSTAR TrialBalance,20260624,0.00
TPLX,netUnrealizedApprMon2,EagleSTAR TrialBalance,20260624,0.00
TPLX,netRealizedGainMon3,EagleSTAR TrialBalance,20260624,0.00
TPLX,netUnrealizedApprMon3,EagleSTAR TrialBalance,20260624,10283.60
TPLX,amtPayOneYrOther,EagleSTAR TrialBalance,20260624,78.90
UMCX,netRealizedGainMon1,EagleSTAR TrialBalance,20260624,0.00
UMCX,netUnrealizedApprMon1,EagleSTAR TrialBalance,20260624,0.00
UMCX,netRealizedGainMon2,EagleSTAR TrialBalance,20260624,0.00
UMCX,netUnrealizedApprMon2,EagleSTAR TrialBalance,20260624,0.00
UMCX,netRealizedGainMon3,EagleSTAR TrialBalance,20260624,0.00
UMCX,netUnrealizedApprMon3,EagleSTAR TrialBalance,20260624,34122.68
UMCX,amtPayOneYrOther,EagleSTAR TrialBalance,20260624,77.52
USX,netRealizedGainMon1,EagleSTAR TrialBalance,20260624,0.00
USX,netUnrealizedApprMon1,EagleSTAR TrialBalance,20260624,0.00
USX,netRealizedGainMon2,EagleSTAR TrialBalance,20260624,0.00
USX,netUnrealizedApprMon2,EagleSTAR TrialBalance,20260624,0.00
USX,netRealizedGainMon3,EagleSTAR TrialBalance,20260624,-1537.37
USX,netUnrealizedApprMon3,EagleSTAR TrialBalance,20260624,-16552.19
USX,amtPayOneYrOther,EagleSTAR TrialBalance,20260624,3988.13
VBX,netRealizedGainMon1,EagleSTAR TrialBalance,20260624,0.00
VBX,netUnrealizedApprMon1,EagleSTAR TrialBalance,20260624,0.00
VBX,netRealizedGainMon2,EagleSTAR TrialBalance,20260624,0.00
VBX,netUnrealizedApprMon2,EagleSTAR TrialBalance,20260624,0.00
VBX,netRealizedGainMon3,EagleSTAR TrialBalance,20260624,-680.89
VBX,netUnrealizedApprMon3,EagleSTAR TrialBalance,20260624,2600.42
VBX,amtPayOneYrOther,EagleSTAR TrialBalance,20260624,3542.91
VOOX,netRealizedGainMon1,EagleSTAR TrialBalance,20260624,0.00
VOOX,netUnrealizedApprMon1,EagleSTAR TrialBalance,20260624,0.00
VOOX,netRealizedGainMon2,EagleSTAR TrialBalance,20260624,0.00
VOOX,netUnrealizedApprMon2,EagleSTAR TrialBalance,20260624,0.00
VOOX,netRealizedGainMon3,EagleSTAR TrialBalance,20260624,-2491.95
VOOX,netUnrealizedApprMon3,EagleSTAR TrialBalance,20260624,-20868.93
VOOX,amtPayOneYrOther,EagleSTAR TrialBalance,20260624,6049.71
WATS,netRealizedGainMon1,EagleSTAR TrialBalance,20260624,0.00
WATS,netUnrealizedApprMon1,EagleSTAR TrialBalance,20260624,0.00
WATS,netRealizedGainMon2,EagleSTAR TrialBalance,20260624,0.00
WATS,netUnrealizedApprMon2,EagleSTAR TrialBalance,20260624,203146.61
WATS,netRealizedGainMon3,EagleSTAR TrialBalance,20260624,0.00
WATS,netUnrealizedApprMon3,EagleSTAR TrialBalance,20260624,-430512.27
WATS,amtPayOneYrOther,EagleSTAR TrialBalance,20260624,493.81
WEBX,netRealizedGainMon1,EagleSTAR TrialBalance,20260624,0.00
WEBX,netUnrealizedApprMon1,EagleSTAR TrialBalance,20260624,0.00
WEBX,netRealizedGainMon2,EagleSTAR TrialBalance,20260624,0.00
WEBX,netUnrealizedApprMon2,EagleSTAR TrialBalance,20260624,0.00
WEBX,netRealizedGainMon3,EagleSTAR TrialBalance,20260624,-12557.46
WEBX,netUnrealizedApprMon3,EagleSTAR TrialBalance,20260624,-100601.48
WEBX,amtPayOneYrOther,EagleSTAR TrialBalance,20260624,15783.08
WNDR,netRealizedGainMon1,EagleSTAR TrialBalance,20260624,0.00
WNDR,netUnrealizedApprMon1,EagleSTAR TrialBalance,20260624,0.00
WNDR,netRealizedGainMon2,EagleSTAR TrialBalance,20260624,0.00
WNDR,netUnrealizedApprMon2,EagleSTAR TrialBalance,20260624,30555.85
WNDR,netRealizedGainMon3,EagleSTAR TrialBalance,20260624,0.00
WNDR,netUnrealizedApprMon3,EagleSTAR TrialBalance,20260624,99110.55
WNDR,amtPayOneYrOther,EagleSTAR TrialBalance,20260624,340.20
WR,netRealizedGainMon1,EagleSTAR TrialBalance,20260624,0.00
WR,netUnrealizedApprMon1,EagleSTAR TrialBalance,20260624,0.00
WR,netRealizedGainMon2,EagleSTAR TrialBalance,20260624,0.00
WR,netUnrealizedApprMon2,EagleSTAR TrialBalance,20260624,47623.88
WR,netRealizedGainMon3,EagleSTAR TrialBalance,20260624,0.00
WR,netUnrealizedApprMon3,EagleSTAR TrialBalance,20260624,-219887.29
WR,amtPayOneYrOther,EagleSTAR TrialBalance,20260624,782.02
WX,netRealizedGainMon1,EagleSTAR TrialBalance,20260624,0.00
WX,netUnrealizedApprMon1,EagleSTAR TrialBalance,20260624,0.00
WX,netRealizedGainMon2,EagleSTAR TrialBalance,20260624,0.00
WX,netUnrealizedApprMon2,EagleSTAR TrialBalance,20260624,0.00
WX,netRealizedGainMon3,EagleSTAR TrialBalance,20260624,-2482.93
WX,netUnrealizedApprMon3,EagleSTAR TrialBalance,20260624,-14487.72
WX,amtPayOneYrOther,EagleSTAR TrialBalance,20260624,5627.05
XA,netRealizedGainMon1,EagleSTAR TrialBalance,20260624,0.00
XA,netUnrealizedApprMon1,EagleSTAR TrialBalance,20260624,0.00
XA,netRealizedGainMon2,EagleSTAR TrialBalance,20260624,0.00
XA,netUnrealizedApprMon2,EagleSTAR TrialBalance,20260624,505251.38
XA,netRealizedGainMon3,EagleSTAR TrialBalance,20260624,0.00
XA,netUnrealizedApprMon3,EagleSTAR TrialBalance,20260624,-130896.96
XA,amtPayOneYrOther,EagleSTAR TrialBalance,20260624,616.19
XAGI,netRealizedGainMon1,EagleSTAR TrialBalance,20260624,0.00
XAGI,netUnrealizedApprMon1,EagleSTAR TrialBalance,20260624,0.00
XAGI,netRealizedGainMon2,EagleSTAR TrialBalance,20260624,0.00
XAGI,netUnrealizedApprMon2,EagleSTAR TrialBalance,20260624,0.00
XAGI,netRealizedGainMon3,EagleSTAR TrialBalance,20260624,-17565.35
XAGI,netUnrealizedApprMon3,EagleSTAR TrialBalance,20260624,-42177.97
XAGI,amtPayOneYrOther,EagleSTAR TrialBalance,20260624,22619.74
XBIX,netRealizedGainMon1,EagleSTAR TrialBalance,20260624,0.00
XBIX,netUnrealizedApprMon1,EagleSTAR TrialBalance,20260624,0.00
XBIX,netRealizedGainMon2,EagleSTAR TrialBalance,20260624,0.00
XBIX,netUnrealizedApprMon2,EagleSTAR TrialBalance,20260624,0.00
XBIX,netRealizedGainMon3,EagleSTAR TrialBalance,20260624,-1166.36
XBIX,netUnrealizedApprMon3,EagleSTAR TrialBalance,20260624,204439.11
XBIX,amtPayOneYrOther,EagleSTAR TrialBalance,20260624,5117.18
XCOM,netRealizedGainMon1,EagleSTAR TrialBalance,20260624,0.00
XCOM,netUnrealizedApprMon1,EagleSTAR TrialBalance,20260624,0.00
XCOM,netRealizedGainMon2,EagleSTAR TrialBalance,20260624,0.00
XCOM,netUnrealizedApprMon2,EagleSTAR TrialBalance,20260624,0.00
XCOM,netRealizedGainMon3,EagleSTAR TrialBalance,20260624,-9084.17
XCOM,netUnrealizedApprMon3,EagleSTAR TrialBalance,20260624,-149252.44
XCOM,amtPayOneYrOther,EagleSTAR TrialBalance,20260624,14256.48
XEUR,netRealizedGainMon1,EagleSTAR TrialBalance,20260624,0.00
XEUR,netUnrealizedApprMon1,EagleSTAR TrialBalance,20260624,0.00
XEUR,netRealizedGainMon2,EagleSTAR TrialBalance,20260624,0.00
XEUR,netUnrealizedApprMon2,EagleSTAR TrialBalance,20260624,0.00
XEUR,netRealizedGainMon3,EagleSTAR TrialBalance,20260624,-791.21
XEUR,netUnrealizedApprMon3,EagleSTAR TrialBalance,20260624,-14924.94
XEUR,amtPayOneYrOther,EagleSTAR TrialBalance,20260624,3826.92
XHOA,netRealizedGainMon1,EagleSTAR TrialBalance,20260624,0.00
XHOA,netUnrealizedApprMon1,EagleSTAR TrialBalance,20260624,0.00
XHOA,netRealizedGainMon2,EagleSTAR TrialBalance,20260624,0.00
XHOA,netUnrealizedApprMon2,EagleSTAR TrialBalance,20260624,0.00
XHOA,netRealizedGainMon3,EagleSTAR TrialBalance,20260624,-430.90
XHOA,netUnrealizedApprMon3,EagleSTAR TrialBalance,20260624,14237.76
XHOA,amtPayOneYrOther,EagleSTAR TrialBalance,20260624,2419.16
XIWC,netRealizedGainMon1,EagleSTAR TrialBalance,20260624,0.00
XIWC,netUnrealizedApprMon1,EagleSTAR TrialBalance,20260624,0.00
XIWC,netRealizedGainMon2,EagleSTAR TrialBalance,20260624,0.00
XIWC,netUnrealizedApprMon2,EagleSTAR TrialBalance,20260624,0.00
XIWC,netRealizedGainMon3,EagleSTAR TrialBalance,20260624,-3157.29
XIWC,netUnrealizedApprMon3,EagleSTAR TrialBalance,20260624,43568.62
XIWC,amtPayOneYrOther,EagleSTAR TrialBalance,20260624,8405.44
XKRE,netRealizedGainMon1,EagleSTAR TrialBalance,20260624,0.00
XKRE,netUnrealizedApprMon1,EagleSTAR TrialBalance,20260624,0.00
XKRE,netRealizedGainMon2,EagleSTAR TrialBalance,20260624,0.00
XKRE,netUnrealizedApprMon2,EagleSTAR TrialBalance,20260624,0.00
XKRE,netRealizedGainMon3,EagleSTAR TrialBalance,20260624,-892.70
XKRE,netUnrealizedApprMon3,EagleSTAR TrialBalance,20260624,76409.67
XKRE,amtPayOneYrOther,EagleSTAR TrialBalance,20260624,4739.54
XLBX,netRealizedGainMon1,EagleSTAR TrialBalance,20260624,0.00
XLBX,netUnrealizedApprMon1,EagleSTAR TrialBalance,20260624,0.00
XLBX,netRealizedGainMon2,EagleSTAR TrialBalance,20260624,0.00
XLBX,netUnrealizedApprMon2,EagleSTAR TrialBalance,20260624,0.00
XLBX,netRealizedGainMon3,EagleSTAR TrialBalance,20260624,-2339.47
XLBX,netUnrealizedApprMon3,EagleSTAR TrialBalance,20260624,7776.68
XLBX,amtPayOneYrOther,EagleSTAR TrialBalance,20260624,7057.36
XLEX,netRealizedGainMon1,EagleSTAR TrialBalance,20260624,0.00
XLEX,netUnrealizedApprMon1,EagleSTAR TrialBalance,20260624,0.00
XLEX,netRealizedGainMon2,EagleSTAR TrialBalance,20260624,0.00
XLEX,netUnrealizedApprMon2,EagleSTAR TrialBalance,20260624,0.00
XLEX,netRealizedGainMon3,EagleSTAR TrialBalance,20260624,-5376.78
XLEX,netUnrealizedApprMon3,EagleSTAR TrialBalance,20260624,-75798.33
XLEX,amtPayOneYrOther,EagleSTAR TrialBalance,20260624,8799.42
XLFX,netRealizedGainMon1,EagleSTAR TrialBalance,20260624,0.00
XLFX,netUnrealizedApprMon1,EagleSTAR TrialBalance,20260624,0.00
XLFX,netRealizedGainMon2,EagleSTAR TrialBalance,20260624,0.00
XLFX,netUnrealizedApprMon2,EagleSTAR TrialBalance,20260624,0.00
XLFX,netRealizedGainMon3,EagleSTAR TrialBalance,20260624,-257.14
XLFX,netUnrealizedApprMon3,EagleSTAR TrialBalance,20260624,48893.88
XLFX,amtPayOneYrOther,EagleSTAR TrialBalance,20260624,4095.15
XLIX,netRealizedGainMon1,EagleSTAR TrialBalance,20260624,0.00
XLIX,netUnrealizedApprMon1,EagleSTAR TrialBalance,20260624,0.00
XLIX,netRealizedGainMon2,EagleSTAR TrialBalance,20260624,0.00
XLIX,netUnrealizedApprMon2,EagleSTAR TrialBalance,20260624,0.00
XLIX,netRealizedGainMon3,EagleSTAR TrialBalance,20260624,-581.85
XLIX,netUnrealizedApprMon3,EagleSTAR TrialBalance,20260624,61607.56
XLIX,amtPayOneYrOther,EagleSTAR TrialBalance,20260624,4060.89
XLKX,netRealizedGainMon1,EagleSTAR TrialBalance,20260624,0.00
XLKX,netUnrealizedApprMon1,EagleSTAR TrialBalance,20260624,0.00
XLKX,netRealizedGainMon2,EagleSTAR TrialBalance,20260624,0.00
XLKX,netUnrealizedApprMon2,EagleSTAR TrialBalance,20260624,0.00
XLKX,netRealizedGainMon3,EagleSTAR TrialBalance,20260624,-12228.65
XLKX,netUnrealizedApprMon3,EagleSTAR TrialBalance,20260624,-31773.12
XLKX,amtPayOneYrOther,EagleSTAR TrialBalance,20260624,15390.88
XLPX,netRealizedGainMon1,EagleSTAR TrialBalance,20260624,0.00
XLPX,netUnrealizedApprMon1,EagleSTAR TrialBalance,20260624,0.00
XLPX,netRealizedGainMon2,EagleSTAR TrialBalance,20260624,0.00
XLPX,netUnrealizedApprMon2,EagleSTAR TrialBalance,20260624,0.00
XLPX,netRealizedGainMon3,EagleSTAR TrialBalance,20260624,-1004.17
XLPX,netUnrealizedApprMon3,EagleSTAR TrialBalance,20260624,14327.76
XLPX,amtPayOneYrOther,EagleSTAR TrialBalance,20260624,4149.71
XLUX,netRealizedGainMon1,EagleSTAR TrialBalance,20260624,0.00
XLUX,netUnrealizedApprMon1,EagleSTAR TrialBalance,20260624,0.00
XLUX,netRealizedGainMon2,EagleSTAR TrialBalance,20260624,0.00
XLUX,netUnrealizedApprMon2,EagleSTAR TrialBalance,20260624,0.00
XLUX,netRealizedGainMon3,EagleSTAR TrialBalance,20260624,-227.47
XLUX,netUnrealizedApprMon3,EagleSTAR TrialBalance,20260624,29965.03
XLUX,amtPayOneYrOther,EagleSTAR TrialBalance,20260624,1994.35
XLVX,netRealizedGainMon1,EagleSTAR TrialBalance,20260624,0.00
XLVX,netUnrealizedApprMon1,EagleSTAR TrialBalance,20260624,0.00
XLVX,netRealizedGainMon2,EagleSTAR TrialBalance,20260624,0.00
XLVX,netUnrealizedApprMon2,EagleSTAR TrialBalance,20260624,0.00
XLVX,netRealizedGainMon3,EagleSTAR TrialBalance,20260624,-1397.67
XLVX,netUnrealizedApprMon3,EagleSTAR TrialBalance,20260624,18769.62
XLVX,amtPayOneYrOther,EagleSTAR TrialBalance,20260624,5541.64
XLYX,netRealizedGainMon1,EagleSTAR TrialBalance,20260624,0.00
XLYX,netUnrealizedApprMon1,EagleSTAR TrialBalance,20260624,0.00
XLYX,netRealizedGainMon2,EagleSTAR TrialBalance,20260624,0.00
XLYX,netUnrealizedApprMon2,EagleSTAR TrialBalance,20260624,0.00
XLYX,netRealizedGainMon3,EagleSTAR TrialBalance,20260624,-1172.60
XLYX,netUnrealizedApprMon3,EagleSTAR TrialBalance,20260624,-10735.78
XLYX,amtPayOneYrOther,EagleSTAR TrialBalance,20260624,2722.29
XPAV,netRealizedGainMon1,EagleSTAR TrialBalance,20260624,0.00
XPAV,netUnrealizedApprMon1,EagleSTAR TrialBalance,20260624,0.00
XPAV,netRealizedGainMon2,EagleSTAR TrialBalance,20260624,0.00
XPAV,netUnrealizedApprMon2,EagleSTAR TrialBalance,20260624,0.00
XPAV,netRealizedGainMon3,EagleSTAR TrialBalance,20260624,-762.32
XPAV,netUnrealizedApprMon3,EagleSTAR TrialBalance,20260624,11696.15
XPAV,amtPayOneYrOther,EagleSTAR TrialBalance,20260624,2371.12
XSEM,netRealizedGainMon1,EagleSTAR TrialBalance,20260624,0.00
XSEM,netUnrealizedApprMon1,EagleSTAR TrialBalance,20260624,0.00
XSEM,netRealizedGainMon2,EagleSTAR TrialBalance,20260624,0.00
XSEM,netUnrealizedApprMon2,EagleSTAR TrialBalance,20260624,0.00
XSEM,netRealizedGainMon3,EagleSTAR TrialBalance,20260624,-15006.14
XSEM,netUnrealizedApprMon3,EagleSTAR TrialBalance,20260624,412.69
XSEM,amtPayOneYrOther,EagleSTAR TrialBalance,20260624,17877.61
XTAI,netRealizedGainMon1,EagleSTAR TrialBalance,20260624,0.00
XTAI,netUnrealizedApprMon1,EagleSTAR TrialBalance,20260624,0.00
XTAI,netRealizedGainMon2,EagleSTAR TrialBalance,20260624,0.00
XTAI,netUnrealizedApprMon2,EagleSTAR TrialBalance,20260624,0.00
XTAI,netRealizedGainMon3,EagleSTAR TrialBalance,20260624,-8808.22
XTAI,netUnrealizedApprMon3,EagleSTAR TrialBalance,20260624,30148.11
XTAI,amtPayOneYrOther,EagleSTAR TrialBalance,20260624,12876.96
XVO,netRealizedGainMon1,EagleSTAR TrialBalance,20260624,0.00
XVO,netUnrealizedApprMon1,EagleSTAR TrialBalance,20260624,0.00
XVO,netRealizedGainMon2,EagleSTAR TrialBalance,20260624,0.00
XVO,netUnrealizedApprMon2,EagleSTAR TrialBalance,20260624,0.00
XVO,netRealizedGainMon3,EagleSTAR TrialBalance,20260624,-623.94
XVO,netUnrealizedApprMon3,EagleSTAR TrialBalance,20260624,5414.96
XVO,amtPayOneYrOther,EagleSTAR TrialBalance,20260624,3134.42
XVUG,netRealizedGainMon1,EagleSTAR TrialBalance,20260624,0.00
XVUG,netUnrealizedApprMon1,EagleSTAR TrialBalance,20260624,0.00
XVUG,netRealizedGainMon2,EagleSTAR TrialBalance,20260624,0.00
XVUG,netUnrealizedApprMon2,EagleSTAR TrialBalance,20260624,0.00
XVUG,netRealizedGainMon3,EagleSTAR TrialBalance,20260624,-6729.54
XVUG,netUnrealizedApprMon3,EagleSTAR TrialBalance,20260624,-49966.42
XVUG,amtPayOneYrOther,EagleSTAR TrialBalance,20260624,9812.56
XW,netRealizedGainMon1,EagleSTAR TrialBalance,20260624,0.00
XW,netUnrealizedApprMon1,EagleSTAR TrialBalance,20260624,0.00
XW,netRealizedGainMon2,EagleSTAR TrialBalance,20260624,0.00
XW,netUnrealizedApprMon2,EagleSTAR TrialBalance,20260624,0.00
XW,netRealizedGainMon3,EagleSTAR TrialBalance,20260624,-1673.31
XW,netUnrealizedApprMon3,EagleSTAR TrialBalance,20260624,-13883.75
XW,amtPayOneYrOther,EagleSTAR TrialBalance,20260624,3503.40
YUNG,netRealizedGainMon1,EagleSTAR TrialBalance,20260624,0.00
YUNG,netUnrealizedApprMon1,EagleSTAR TrialBalance,20260624,0.00
YUNG,netRealizedGainMon2,EagleSTAR TrialBalance,20260624,23.40
YUNG,netUnrealizedApprMon2,EagleSTAR TrialBalance,20260624,48444.18
YUNG,netRealizedGainMon3,EagleSTAR TrialBalance,20260624,0.00
YUNG,netUnrealizedApprMon3,EagleSTAR TrialBalance,20260624,98785.94
YUNG,amtPayOneYrOther,EagleSTAR TrialBalance,20260624,338.96
