check,fund,source_a,value_a,source_b,value_b,diff,flag
netAssets,ACLZ,custodian,243854.00,NAV@20260624,243854.26,-0.26,
netAssets,ACMM,custodian,262568.00,NAV@20260624,262567.89,0.11,
netAssets,AV,custodian,1423815.00,NAV@20260624,1423814.44,0.56,
netAssets,BAY,custodian,1970766.00,NAV@20260624,1970764.76,1.24,
netAssets,BLCK,custodian,1260375.00,NAV@20260624,1260376.89,-1.89,
netAssets,BREW,custodian,1611138.00,NAV@20260624,1611135.90,2.10,
netAssets,BRZX,custodian,338695.50,NAV@20260624,564492.50,-225797.00,REVIEW
netAssets,BZZ,custodian,4136685.00,NAV@20260624,4136684.71,0.29,
netAssets,CAMC,custodian,242783.00,NAV@20260624,242782.70,0.30,
netAssets,CARX,custodian,255607.00,NAV@20260624,255606.86,0.14,
netAssets,CBIL,custodian,17029920.00,NAV@20260624,17029923.38,-3.38,
netAssets,CBOT,custodian,3474084.00,NAV@20260624,3474077.91,6.09,
netAssets,CCPX,custodian,1296158.50,NAV@20260624,1296156.52,1.98,
netAssets,CGOV,custodian,17536750.00,NAV@20260624,17536783.75,-33.75,
netAssets,CHYG,custodian,5506974.00,NAV@20260624,5506979.86,-5.86,
netAssets,CIEI,custodian,2258901.00,NAV@20260624,2258897.41,3.59,
netAssets,CIVG,custodian,4258415.00,NAV@20260624,4258412.17,2.83,
netAssets,CJUN,custodian,1362339.00,NAV@20260624,1362336.80,2.20,
netAssets,CMAG,custodian,8683970.50,NAV@20260624,8683963.37,7.13,
netAssets,CMAY,custodian,4973241.00,NAV@20260624,4973248.57,-7.57,
netAssets,CQTM,custodian,15842708.50,NAV@20260624,15842702.09,6.41,
netAssets,CRUC,custodian,249724.00,NAV@20260624,249723.70,0.30,
netAssets,CTJN,custodian,988620.00,NAV@20260624,988620.84,-0.84,
netAssets,CTMA,custodian,4688325.50,NAV@20260624,4688330.67,-5.17,
netAssets,CUST,custodian,7509930.00,NAV@20260624,7509933.48,-3.48,
netAssets,DIPR,custodian,3356150.00,NAV@20260624,3356153.44,-3.44,
netAssets,DOCK,custodian,1591062.00,NAV@20260624,1591060.41,1.59,
netAssets,EMJN,custodian,1452852.00,NAV@20260624,1452851.49,0.51,
netAssets,EMMY,custodian,5168709.00,NAV@20260624,5168711.01,-2.01,
netAssets,EMXX,custodian,460704.00,NAV@20260624,460703.97,0.03,
netAssets,EUV,custodian,382008474.00,NAV@20260624,379142960.52,2865513.48,
netAssets,EUVX,custodian,1946083.50,NAV@20260624,1030281.43,915802.07,REVIEW
netAssets,EYES,custodian,3046762.50,NAV@20260624,3046765.52,-3.02,
netAssets,FDRS,custodian,98461524.00,NAV@20260624,98461415.69,108.31,
netAssets,FDRX,custodian,16773390.00,NAV@20260624,16773391.88,-1.88,
netAssets,GASZ,custodian,11602308.00,NAV@20260624,11602319.85,-11.85,
netAssets,GLAM,custodian,1480787.00,NAV@20260624,1480785.77,1.23,
netAssets,GNMX,custodian,1605384.00,NAV@20260624,1605384.34,-0.34,
netAssets,GPTZ,custodian,125000.00,NAV@20260624,125000.00,0.00,
netAssets,HJUN,custodian,1371793.50,NAV@20260624,1371790.75,2.75,
netAssets,HMAY,custodian,4795353.00,NAV@20260624,4795345.43,7.57,
netAssets,HULL,custodian,2388461.50,NAV@20260624,2765590.02,-377128.52,REVIEW
netAssets,IDJN,custodian,982720.00,NAV@20260624,982719.34,0.66,
netAssets,IDMY,custodian,4736643.00,NAV@20260624,4736643.97,-0.97,
netAssets,JOUL,custodian,11758815.00,NAV@20260624,11758800.23,14.77,
netAssets,JUNC,custodian,1231800.00,NAV@20260624,1231800.57,-0.57,
netAssets,KEYX,custodian,248269.00,NAV@20260624,248269.30,-0.30,
netAssets,KRWX,custodian,1371475.00,NAV@20260624,391849.71,979625.29,REVIEW
netAssets,KYC,custodian,1412034.00,NAV@20260624,1412033.54,0.46,
netAssets,LASC,custodian,230318.00,NAV@20260624,230318.41,-0.41,
netAssets,LATR,custodian,1568436.00,NAV@20260624,1568438.11,-2.11,
netAssets,LRNX,custodian,261122.00,NAV@20260624,261121.70,0.30,
netAssets,MAYC,custodian,4729636.00,NAV@20260624,4729630.61,5.39,
netAssets,MGKX,custodian,319318.50,NAV@20260624,532197.53,-212879.03,REVIEW
netAssets,MNSX,custodian,255465.00,NAV@20260624,255464.75,0.25,
netAssets,MSIX,custodian,264349.00,NAV@20260624,264348.78,0.22,
netAssets,NYNY,custodian,1173361.50,NAV@20260624,1434109.57,-260748.07,REVIEW
netAssets,ODDZ,custodian,1169469.00,NAV@20260624,1169468.50,0.50,
netAssets,ONTX,custodian,260136.00,NAV@20260624,260136.01,-0.01,
netAssets,OWN,custodian,2364520.00,NAV@20260624,3310325.65,-945805.65,REVIEW
netAssets,PTNT,custodian,1433861.00,NAV@20260624,1433862.36,-1.36,
netAssets,QJN,custodian,976332.00,NAV@20260624,976332.30,-0.30,
netAssets,QMY,custodian,4734168.50,NAV@20260624,4734166.24,2.26,
netAssets,QQJN,custodian,1226640.00,NAV@20260624,1226641.52,-1.52,
netAssets,QQMY,custodian,5374362.00,NAV@20260624,5374361.93,0.07,
netAssets,RMBC,custodian,235792.00,NAV@20260624,235791.87,0.13,
netAssets,SCJN,custodian,1017320.00,NAV@20260624,1017320.22,-0.22,
netAssets,SCMY,custodian,4755702.50,NAV@20260624,4755704.01,-1.51,
netAssets,SIMX,custodian,254243.00,NAV@20260624,254242.66,0.34,
netAssets,STYL,custodian,1188504.00,NAV@20260624,1452614.33,-264110.33,REVIEW
netAssets,TAJX,custodian,661380.00,NAV@20260624,661380.75,-0.75,
netAssets,TPLX,custodian,260536.00,NAV@20260624,260535.82,0.18,
netAssets,UMCX,custodian,284375.00,NAV@20260624,284375.28,-0.28,
netAssets,USX,custodian,468224.00,NAV@20260624,468223.53,0.47,
netAssets,VBX,custodian,877471.00,NAV@20260624,877471.59,-0.59,
netAssets,VOOX,custodian,697164.00,NAV@20260624,697164.59,-0.59,
netAssets,WATS,custodian,2066872.00,NAV@20260624,2066868.93,3.07,
netAssets,WEBX,custodian,454462.50,NAV@20260624,454461.41,1.09,
netAssets,WNDR,custodian,1554773.00,NAV@20260624,1554773.13,-0.13,
netAssets,WR,custodian,3221856.00,NAV@20260624,3221849.98,6.02,
netAssets,WX,custodian,351069.00,NAV@20260624,585115.39,-234046.39,REVIEW
netAssets,XA,custodian,2626440.00,NAV@20260624,2626437.11,2.89,
netAssets,XAGI,custodian,407072.00,NAV@20260624,610606.62,-203534.62,REVIEW
netAssets,XBIX,custodian,508653.00,NAV@20260624,847754.31,-339101.31,REVIEW
netAssets,XCOM,custodian,380596.00,NAV@20260624,570894.33,-190298.33,REVIEW
netAssets,XEUR,custodian,486278.00,NAV@20260624,486278.49,-0.49,
netAssets,XHOA,custodian,263869.00,NAV@20260624,263869.28,-0.28,
netAssets,XIWC,custodian,374706.00,NAV@20260624,749411.64,-374705.64,REVIEW
netAssets,XKRE,custodian,425013.00,NAV@20260624,708355.93,-283342.93,REVIEW
netAssets,XLBX,custodian,860849.50,NAV@20260624,860851.23,-1.73,
netAssets,XLEX,custodian,321328.50,NAV@20260624,535546.84,-214218.34,REVIEW
netAssets,XLFX,custodian,680337.50,NAV@20260624,680337.78,-0.28,
netAssets,XLIX,custodian,399364.50,NAV@20260624,665607.75,-266243.25,REVIEW
netAssets,XLKX,custodian,629121.00,NAV@20260624,629120.74,0.26,
netAssets,XLPX,custodian,669777.50,NAV@20260624,669777.29,0.21,
netAssets,XLUX,custodian,541204.00,NAV@20260624,541204.60,-0.60,
netAssets,XLVX,custodian,549158.00,NAV@20260624,823737.71,-274579.71,REVIEW
netAssets,XLYX,custodian,357364.50,NAV@20260624,238243.09,119121.41,REVIEW
netAssets,XPAV,custodian,261018.00,NAV@20260624,261017.85,0.15,
netAssets,XSEM,custodian,577395.00,NAV@20260624,577395.31,-0.31,
netAssets,XTAI,custodian,582175.00,NAV@20260624,582175.23,-0.23,
netAssets,XVO,custodian,498932.00,NAV@20260624,498932.03,-0.03,
netAssets,XVUG,custodian,321898.50,NAV@20260624,536496.62,-214598.12,REVIEW
netAssets,XW,custodian,234513.00,NAV@20260624,234512.65,0.35,
netAssets,YUNG,custodian,1552050.50,NAV@20260624,1552049.53,0.97,
flow:mon1Sales,ACLZ,AP_orders,0.00,TB@20260624,0.00,0.00,
flow:mon1Redemption,ACLZ,AP_orders,0.00,TB@20260624,0.00,0.00,
flow:mon2Sales,ACLZ,AP_orders,0.00,TB@20260624,0.00,0.00,
flow:mon2Redemption,ACLZ,AP_orders,0.00,TB@20260624,0.00,0.00,
flow:mon3Sales,ACLZ,AP_orders,250000.00,TB@20260624,250000.00,0.00,
flow:mon3Redemption,ACLZ,AP_orders,0.00,TB@20260624,0.00,0.00,
flow:mon1Sales,ACMM,AP_orders,0.00,TB@20260624,0.00,0.00,
flow:mon1Redemption,ACMM,AP_orders,0.00,TB@20260624,0.00,0.00,
flow:mon2Sales,ACMM,AP_orders,0.00,TB@20260624,0.00,0.00,
flow:mon2Redemption,ACMM,AP_orders,0.00,TB@20260624,0.00,0.00,
flow:mon3Sales,ACMM,AP_orders,250000.00,TB@20260624,250000.00,0.00,
flow:mon3Redemption,ACMM,AP_orders,0.00,TB@20260624,0.00,0.00,
flow:mon1Sales,ADVX,AP_orders,0.00,TB@20260624,0.00,0.00,
flow:mon1Redemption,ADVX,AP_orders,0.00,TB@20260624,0.00,0.00,
flow:mon2Sales,ADVX,AP_orders,0.00,TB@20260624,0.00,0.00,
flow:mon2Redemption,ADVX,AP_orders,0.00,TB@20260624,0.00,0.00,
flow:mon3Sales,ADVX,AP_orders,0.00,TB@20260624,250000.00,-250000.00,REVIEW
flow:mon3Redemption,ADVX,AP_orders,0.00,TB@20260624,0.00,0.00,
flow:mon1Sales,AMAA,AP_orders,0.00,TB@20260624,0.00,0.00,
flow:mon1Redemption,AMAA,AP_orders,0.00,TB@20260624,0.00,0.00,
flow:mon2Sales,AMAA,AP_orders,0.00,TB@20260624,0.00,0.00,
flow:mon2Redemption,AMAA,AP_orders,0.00,TB@20260624,0.00,0.00,
flow:mon3Sales,AMAA,AP_orders,0.00,TB@20260624,250000.00,-250000.00,REVIEW
flow:mon3Redemption,AMAA,AP_orders,0.00,TB@20260624,0.00,0.00,
flow:mon1Sales,AMDC,AP_orders,0.00,TB@20260624,0.00,0.00,
flow:mon1Redemption,AMDC,AP_orders,0.00,TB@20260624,0.00,0.00,
flow:mon2Sales,AMDC,AP_orders,0.00,TB@20260624,0.00,0.00,
flow:mon2Redemption,AMDC,AP_orders,0.00,TB@20260624,0.00,0.00,
flow:mon3Sales,AMDC,AP_orders,0.00,TB@20260624,250000.00,-250000.00,REVIEW
flow:mon3Redemption,AMDC,AP_orders,0.00,TB@20260624,0.00,0.00,
flow:mon1Sales,APPC,AP_orders,0.00,TB@20260624,0.00,0.00,
flow:mon1Redemption,APPC,AP_orders,0.00,TB@20260624,0.00,0.00,
flow:mon2Sales,APPC,AP_orders,0.00,TB@20260624,0.00,0.00,
flow:mon2Redemption,APPC,AP_orders,0.00,TB@20260624,0.00,0.00,
flow:mon3Sales,APPC,AP_orders,0.00,TB@20260624,250000.00,-250000.00,REVIEW
flow:mon3Redemption,APPC,AP_orders,0.00,TB@20260624,0.00,0.00,
flow:mon1Sales,ASMX,AP_orders,0.00,TB@20260624,0.00,0.00,
flow:mon1Redemption,ASMX,AP_orders,0.00,TB@20260624,0.00,0.00,
flow:mon2Sales,ASMX,AP_orders,0.00,TB@20260624,0.00,0.00,
flow:mon2Redemption,ASMX,AP_orders,0.00,TB@20260624,0.00,0.00,
flow:mon3Sales,ASMX,AP_orders,0.00,TB@20260624,250000.00,-250000.00,REVIEW
flow:mon3Redemption,ASMX,AP_orders,0.00,TB@20260624,0.00,0.00,
flow:mon1Sales,ASMZ,AP_orders,0.00,TB@20260624,0.00,0.00,
flow:mon1Redemption,ASMZ,AP_orders,0.00,TB@20260624,0.00,0.00,
flow:mon2Sales,ASMZ,AP_orders,0.00,TB@20260624,0.00,0.00,
flow:mon2Redemption,ASMZ,AP_orders,0.00,TB@20260624,0.00,0.00,
flow:mon3Sales,ASMZ,AP_orders,0.00,TB@20260624,250000.00,-250000.00,REVIEW
flow:mon3Redemption,ASMZ,AP_orders,0.00,TB@20260624,0.00,0.00,
flow:mon1Sales,ASTT,AP_orders,0.00,TB@20260624,0.00,0.00,
flow:mon1Redemption,ASTT,AP_orders,0.00,TB@20260624,0.00,0.00,
flow:mon2Sales,ASTT,AP_orders,0.00,TB@20260624,0.00,0.00,
flow:mon2Redemption,ASTT,AP_orders,0.00,TB@20260624,0.00,0.00,
flow:mon3Sales,ASTT,AP_orders,0.00,TB@20260624,250000.00,-250000.00,REVIEW
flow:mon3Redemption,ASTT,AP_orders,0.00,TB@20260624,0.00,0.00,
flow:mon1Sales,AV,AP_orders,0.00,TB@20260624,125000.00,-125000.00,REVIEW
flow:mon1Redemption,AV,AP_orders,0.00,TB@20260624,0.00,0.00,
flow:mon2Sales,AV,AP_orders,1299519.00,TB@20260624,1174519.00,125000.00,REVIEW
flow:mon2Redemption,AV,AP_orders,0.00,TB@20260624,0.00,0.00,
flow:mon3Sales,AV,AP_orders,0.00,TB@20260624,0.00,0.00,
flow:mon3Redemption,AV,AP_orders,0.00,TB@20260624,0.00,0.00,
flow:mon1Sales,AVGC,AP_orders,0.00,TB@20260624,0.00,0.00,
flow:mon1Redemption,AVGC,AP_orders,0.00,TB@20260624,0.00,0.00,
flow:mon2Sales,AVGC,AP_orders,0.00,TB@20260624,0.00,0.00,
flow:mon2Redemption,AVGC,AP_orders,0.00,TB@20260624,0.00,0.00,
flow:mon3Sales,AVGC,AP_orders,0.00,TB@20260624,250000.00,-250000.00,REVIEW
flow:mon3Redemption,AVGC,AP_orders,0.00,TB@20260624,0.00,0.00,
flow:mon1Sales,BAY,AP_orders,0.00,TB@20260624,125000.00,-125000.00,REVIEW
flow:mon1Redemption,BAY,AP_orders,0.00,TB@20260624,0.00,0.00,
flow:mon2Sales,BAY,AP_orders,1847615.00,TB@20260624,1722615.00,125000.00,REVIEW
flow:mon2Redemption,BAY,AP_orders,0.00,TB@20260624,0.00,0.00,
flow:mon3Sales,BAY,AP_orders,0.00,TB@20260624,0.00,0.00,
flow:mon3Redemption,BAY,AP_orders,0.00,TB@20260624,0.00,0.00,
flow:mon1Sales,BESX,AP_orders,0.00,TB@20260624,0.00,0.00,
flow:mon1Redemption,BESX,AP_orders,0.00,TB@20260624,0.00,0.00,
flow:mon2Sales,BESX,AP_orders,0.00,TB@20260624,0.00,0.00,
flow:mon2Redemption,BESX,AP_orders,0.00,TB@20260624,0.00,0.00,
flow:mon3Sales,BESX,AP_orders,0.00,TB@20260624,250000.00,-250000.00,REVIEW
flow:mon3Redemption,BESX,AP_orders,0.00,TB@20260624,0.00,0.00,
flow:mon1Sales,BLCK,AP_orders,0.00,TB@20260624,125000.00,-125000.00,REVIEW
flow:mon1Redemption,BLCK,AP_orders,0.00,TB@20260624,0.00,0.00,
flow:mon2Sales,BLCK,AP_orders,1389791.00,TB@20260624,1264791.00,125000.00,REVIEW
flow:mon2Redemption,BLCK,AP_orders,0.00,TB@20260624,0.00,0.00,
flow:mon3Sales,BLCK,AP_orders,0.00,TB@20260624,0.00,0.00,
flow:mon3Redemption,BLCK,AP_orders,0.00,TB@20260624,0.00,0.00,
flow:mon1Sales,BREW,AP_orders,0.00,TB@20260624,250000.00,-250000.00,REVIEW
flow:mon1Redemption,BREW,AP_orders,0.00,TB@20260624,0.00,0.00,
flow:mon2Sales,BREW,AP_orders,1530895.00,TB@20260624,1280895.00,250000.00,REVIEW
flow:mon2Redemption,BREW,AP_orders,0.00,TB@20260624,0.00,0.00,
flow:mon3Sales,BREW,AP_orders,0.00,TB@20260624,0.00,0.00,
flow:mon3Redemption,BREW,AP_orders,0.00,TB@20260624,0.00,0.00,
flow:mon1Sales,BRZX,AP_orders,0.00,TB@20260624,0.00,0.00,
flow:mon1Redemption,BRZX,AP_orders,0.00,TB@20260624,0.00,0.00,
flow:mon2Sales,BRZX,AP_orders,0.00,TB@20260624,250000.00,-250000.00,REVIEW
flow:mon2Redemption,BRZX,AP_orders,0.00,TB@20260624,0.00,0.00,
flow:mon3Sales,BRZX,AP_orders,581204.50,TB@20260624,331204.50,250000.00,REVIEW
flow:mon3Redemption,BRZX,AP_orders,229915.00,TB@20260624,0.00,229915.00,REVIEW
flow:mon1Sales,BZZ,AP_orders,0.00,TB@20260624,125000.00,-125000.00,REVIEW
flow:mon1Redemption,BZZ,AP_orders,0.00,TB@20260624,0.00,0.00,
flow:mon2Sales,BZZ,AP_orders,3103078.50,TB@20260624,1513663.50,1589415.00,REVIEW
flow:mon2Redemption,BZZ,AP_orders,0.00,TB@20260624,0.00,0.00,
flow:mon3Sales,BZZ,AP_orders,1746666.00,TB@20260624,3211081.00,-1464415.00,REVIEW
flow:mon3Redemption,BZZ,AP_orders,0.00,TB@20260624,0.00,0.00,
flow:mon1Sales,CAMC,AP_orders,0.00,TB@20260624,0.00,0.00,
flow:mon1Redemption,CAMC,AP_orders,0.00,TB@20260624,0.00,0.00,
flow:mon2Sales,CAMC,AP_orders,0.00,TB@20260624,0.00,0.00,
flow:mon2Redemption,CAMC,AP_orders,0.00,TB@20260624,0.00,0.00,
flow:mon3Sales,CAMC,AP_orders,250000.00,TB@20260624,250000.00,0.00,
flow:mon3Redemption,CAMC,AP_orders,0.00,TB@20260624,0.00,0.00,
flow:mon1Sales,CARX,AP_orders,0.00,TB@20260624,0.00,0.00,
flow:mon1Redemption,CARX,AP_orders,0.00,TB@20260624,0.00,0.00,
flow:mon2Sales,CARX,AP_orders,0.00,TB@20260624,0.00,0.00,
flow:mon2Redemption,CARX,AP_orders,0.00,TB@20260624,0.00,0.00,
flow:mon3Sales,CARX,AP_orders,250000.00,TB@20260624,250000.00,0.00,
flow:mon3Redemption,CARX,AP_orders,0.00,TB@20260624,0.00,0.00,
flow:mon1Sales,CBIL,AP_orders,0.00,TB@20260624,0.00,0.00,
flow:mon1Redemption,CBIL,AP_orders,0.00,TB@20260624,0.00,0.00,
flow:mon2Sales,CBIL,AP_orders,0.00,TB@20260624,250000.00,-250000.00,REVIEW
flow:mon2Redemption,CBIL,AP_orders,0.00,TB@20260624,0.00,0.00,
flow:mon3Sales,CBIL,AP_orders,17009188.00,TB@20260624,16759188.00,250000.00,
flow:mon3Redemption,CBIL,AP_orders,0.00,TB@20260624,0.00,0.00,
flow:mon1Sales,CBOT,AP_orders,0.00,TB@20260624,125000.00,-125000.00,REVIEW
flow:mon1Redemption,CBOT,AP_orders,0.00,TB@20260624,0.00,0.00,
flow:mon2Sales,CBOT,AP_orders,2529682.00,TB@20260624,2404682.00,125000.00,
flow:mon2Redemption,CBOT,AP_orders,0.00,TB@20260624,0.00,0.00,
flow:mon3Sales,CBOT,AP_orders,1370925.00,TB@20260624,1370925.00,0.00,
flow:mon3Redemption,CBOT,AP_orders,0.00,TB@20260624,0.00,0.00,
flow:mon1Sales,CCPX,AP_orders,0.00,TB@20260624,0.00,0.00,
flow:mon1Redemption,CCPX,AP_orders,0.00,TB@20260624,0.00,0.00,
flow:mon2Sales,CCPX,AP_orders,0.00,TB@20260624,250000.00,-250000.00,REVIEW
flow:mon2Redemption,CCPX,AP_orders,0.00,TB@20260624,0.00,0.00,
flow:mon3Sales,CCPX,AP_orders,1502423.00,TB@20260624,1252423.00,250000.00,REVIEW
flow:mon3Redemption,CCPX,AP_orders,0.00,TB@20260624,0.00,0.00,
flow:mon1Sales,CGOV,AP_orders,0.00,TB@20260624,0.00,0.00,
flow:mon1Redemption,CGOV,AP_orders,0.00,TB@20260624,0.00,0.00,
flow:mon2Sales,CGOV,AP_orders,0.00,TB@20260624,250000.00,-250000.00,REVIEW
flow:mon2Redemption,CGOV,AP_orders,0.00,TB@20260624,0.00,0.00,
flow:mon3Sales,CGOV,AP_orders,17512385.00,TB@20260624,17262385.00,250000.00,
flow:mon3Redemption,CGOV,AP_orders,0.00,TB@20260624,0.00,0.00,
flow:mon1Sales,CHYG,AP_orders,0.00,TB@20260624,0.00,0.00,
flow:mon1Redemption,CHYG,AP_orders,0.00,TB@20260624,0.00,0.00,
flow:mon2Sales,CHYG,AP_orders,0.00,TB@20260624,250000.00,-250000.00,REVIEW
flow:mon2Redemption,CHYG,AP_orders,0.00,TB@20260624,0.00,0.00,
flow:mon3Sales,CHYG,AP_orders,5496632.00,TB@20260624,5246632.00,250000.00,
flow:mon3Redemption,CHYG,AP_orders,0.00,TB@20260624,0.00,0.00,
flow:mon1Sales,CIEI,AP_orders,0.00,TB@20260624,0.00,0.00,
flow:mon1Redemption,CIEI,AP_orders,0.00,TB@20260624,0.00,0.00,
flow:mon2Sales,CIEI,AP_orders,0.00,TB@20260624,250000.00,-250000.00,REVIEW
flow:mon2Redemption,CIEI,AP_orders,0.00,TB@20260624,0.00,0.00,
flow:mon3Sales,CIEI,AP_orders,2253220.00,TB@20260624,2003220.00,250000.00,REVIEW
flow:mon3Redemption,CIEI,AP_orders,0.00,TB@20260624,0.00,0.00,
flow:mon1Sales,CIVG,AP_orders,0.00,TB@20260624,0.00,0.00,
flow:mon1Redemption,CIVG,AP_orders,0.00,TB@20260624,0.00,0.00,
flow:mon2Sales,CIVG,AP_orders,0.00,TB@20260624,250000.00,-250000.00,REVIEW
flow:mon2Redemption,CIVG,AP_orders,0.00,TB@20260624,0.00,0.00,
flow:mon3Sales,CIVG,AP_orders,4253878.00,TB@20260624,4003878.00,250000.00,REVIEW
flow:mon3Redemption,CIVG,AP_orders,0.00,TB@20260624,0.00,0.00,
flow:mon1Sales,CJUN,AP_orders,0.00,TB@20260624,0.00,0.00,
flow:mon1Redemption,CJUN,AP_orders,0.00,TB@20260624,0.00,0.00,
flow:mon2Sales,CJUN,AP_orders,0.00,TB@20260624,250000.00,-250000.00,REVIEW
flow:mon2Redemption,CJUN,AP_orders,0.00,TB@20260624,0.00,0.00,
flow:mon3Sales,CJUN,AP_orders,1376042.50,TB@20260624,1126042.50,250000.00,REVIEW
flow:mon3Redemption,CJUN,AP_orders,0.00,TB@20260624,0.00,0.00,
flow:mon1Sales,CMAG,AP_orders,0.00,TB@20260624,125000.00,-125000.00,REVIEW
flow:mon1Redemption,CMAG,AP_orders,0.00,TB@20260624,0.00,0.00,
flow:mon2Sales,CMAG,AP_orders,2294757.00,TB@20260624,2169757.00,125000.00,REVIEW
flow:mon2Redemption,CMAG,AP_orders,0.00,TB@20260624,0.00,0.00,
flow:mon3Sales,CMAG,AP_orders,6815911.00,TB@20260624,6815911.00,0.00,
flow:mon3Redemption,CMAG,AP_orders,0.00,TB@20260624,0.00,0.00,
flow:mon1Sales,CMAY,AP_orders,1000000.00,TB@20260624,25.00,999975.00,REVIEW
flow:mon1Redemption,CMAY,AP_orders,0.00,TB@20260624,0.00,0.00,
flow:mon2Sales,CMAY,AP_orders,4273715.00,TB@20260624,5273690.00,-999975.00,REVIEW
flow:mon2Redemption,CMAY,AP_orders,0.00,TB@20260624,0.00,0.00,
flow:mon3Sales,CMAY,AP_orders,256324.00,TB@20260624,256324.00,0.00,
flow:mon3Redemption,CMAY,AP_orders,642990.00,TB@20260624,642990.00,0.00,
flow:mon1Sales,COIX,AP_orders,0.00,TB@20260624,0.00,0.00,
flow:mon1Redemption,COIX,AP_orders,0.00,TB@20260624,0.00,0.00,
flow:mon2Sales,COIX,AP_orders,0.00,TB@20260624,0.00,0.00,
flow:mon2Redemption,COIX,AP_orders,0.00,TB@20260624,0.00,0.00,
flow:mon3Sales,COIX,AP_orders,0.00,TB@20260624,250000.00,-250000.00,REVIEW
flow:mon3Redemption,COIX,AP_orders,0.00,TB@20260624,0.00,0.00,
flow:mon1Sales,CQTM,AP_orders,0.00,TB@20260624,125000.00,-125000.00,REVIEW
flow:mon1Redemption,CQTM,AP_orders,0.00,TB@20260624,0.00,0.00,
flow:mon2Sales,CQTM,AP_orders,7884070.00,TB@20260624,7759070.00,125000.00,
flow:mon2Redemption,CQTM,AP_orders,0.00,TB@20260624,0.00,0.00,
flow:mon3Sales,CQTM,AP_orders,7630580.00,TB@20260624,7630580.00,0.00,
flow:mon3Redemption,CQTM,AP_orders,0.00,TB@20260624,0.00,0.00,
flow:mon1Sales,CRUC,AP_orders,0.00,TB@20260624,0.00,0.00,
flow:mon1Redemption,CRUC,AP_orders,0.00,TB@20260624,0.00,0.00,
flow:mon2Sales,CRUC,AP_orders,0.00,TB@20260624,0.00,0.00,
flow:mon2Redemption,CRUC,AP_orders,0.00,TB@20260624,0.00,0.00,
flow:mon3Sales,CRUC,AP_orders,250000.00,TB@20260624,250000.00,0.00,
flow:mon3Redemption,CRUC,AP_orders,0.00,TB@20260624,0.00,0.00,
flow:mon1Sales,CTJN,AP_orders,0.00,TB@20260624,0.00,0.00,
flow:mon1Redemption,CTJN,AP_orders,0.00,TB@20260624,0.00,0.00,
flow:mon2Sales,CTJN,AP_orders,0.00,TB@20260624,250000.00,-250000.00,REVIEW
flow:mon2Redemption,CTJN,AP_orders,0.00,TB@20260624,0.00,0.00,
flow:mon3Sales,CTJN,AP_orders,1000000.00,TB@20260624,750000.00,250000.00,REVIEW
flow:mon3Redemption,CTJN,AP_orders,0.00,TB@20260624,0.00,0.00,
flow:mon1Sales,CTMA,AP_orders,0.00,TB@20260624,125000.00,-125000.00,REVIEW
flow:mon1Redemption,CTMA,AP_orders,0.00,TB@20260624,0.00,0.00,
flow:mon2Sales,CTMA,AP_orders,5156498.50,TB@20260624,5031498.50,125000.00,
flow:mon2Redemption,CTMA,AP_orders,0.00,TB@20260624,0.00,0.00,
flow:mon3Sales,CTMA,AP_orders,127986.50,TB@20260624,127986.50,0.00,
flow:mon3Redemption,CTMA,AP_orders,639952.50,TB@20260624,639952.50,0.00,
flow:mon1Sales,CUST,AP_orders,0.00,TB@20260624,0.00,0.00,
flow:mon1Redemption,CUST,AP_orders,0.00,TB@20260624,0.00,0.00,
flow:mon2Sales,CUST,AP_orders,0.00,TB@20260624,250000.00,-250000.00,REVIEW
flow:mon2Redemption,CUST,AP_orders,0.00,TB@20260624,0.00,0.00,
flow:mon3Sales,CUST,AP_orders,7508946.00,TB@20260624,7258946.00,250000.00,
flow:mon3Redemption,CUST,AP_orders,0.00,TB@20260624,0.00,0.00,
flow:mon1Sales,DELC,AP_orders,0.00,TB@20260624,0.00,0.00,
flow:mon1Redemption,DELC,AP_orders,0.00,TB@20260624,0.00,0.00,
flow:mon2Sales,DELC,AP_orders,0.00,TB@20260624,0.00,0.00,
flow:mon2Redemption,DELC,AP_orders,0.00,TB@20260624,0.00,0.00,
flow:mon3Sales,DELC,AP_orders,0.00,TB@20260624,250000.00,-250000.00,REVIEW
flow:mon3Redemption,DELC,AP_orders,0.00,TB@20260624,0.00,0.00,
flow:mon1Sales,DIPR,AP_orders,0.00,TB@20260624,125000.00,-125000.00,REVIEW
flow:mon1Redemption,DIPR,AP_orders,0.00,TB@20260624,0.00,0.00,
flow:mon2Sales,DIPR,AP_orders,3953025.00,TB@20260624,2497345.00,1455680.00,REVIEW
flow:mon2Redemption,DIPR,AP_orders,0.00,TB@20260624,0.00,0.00,
flow:mon3Sales,DIPR,AP_orders,0.00,TB@20260624,1330680.00,-1330680.00,REVIEW
flow:mon3Redemption,DIPR,AP_orders,0.00,TB@20260624,0.00,0.00,
flow:mon1Sales,DISC,AP_orders,0.00,TB@20260624,0.00,0.00,
flow:mon1Redemption,DISC,AP_orders,0.00,TB@20260624,0.00,0.00,
flow:mon2Sales,DISC,AP_orders,0.00,TB@20260624,0.00,0.00,
flow:mon2Redemption,DISC,AP_orders,0.00,TB@20260624,0.00,0.00,
flow:mon3Sales,DISC,AP_orders,0.00,TB@20260624,250000.00,-250000.00,REVIEW
flow:mon3Redemption,DISC,AP_orders,0.00,TB@20260624,0.00,0.00,
flow:mon1Sales,DOCK,AP_orders,0.00,TB@20260624,125000.00,-125000.00,REVIEW
flow:mon1Redemption,DOCK,AP_orders,0.00,TB@20260624,0.00,0.00,
flow:mon2Sales,DOCK,AP_orders,1543757.50,TB@20260624,1418757.50,125000.00,REVIEW
flow:mon2Redemption,DOCK,AP_orders,0.00,TB@20260624,0.00,0.00,
flow:mon3Sales,DOCK,AP_orders,0.00,TB@20260624,0.00,0.00,
flow:mon3Redemption,DOCK,AP_orders,0.00,TB@20260624,0.00,0.00,
flow:mon1Sales,EMJN,AP_orders,0.00,TB@20260624,0.00,0.00,
flow:mon1Redemption,EMJN,AP_orders,0.00,TB@20260624,0.00,0.00,
flow:mon2Sales,EMJN,AP_orders,0.00,TB@20260624,250000.00,-250000.00,REVIEW
flow:mon2Redemption,EMJN,AP_orders,0.00,TB@20260624,0.00,0.00,
flow:mon3Sales,EMJN,AP_orders,1478270.00,TB@20260624,1228270.00,250000.00,REVIEW
flow:mon3Redemption,EMJN,AP_orders,0.00,TB@20260624,0.00,0.00,
flow:mon1Sales,EMMY,AP_orders,0.00,TB@20260624,125000.00,-125000.00,REVIEW
flow:mon1Redemption,EMMY,AP_orders,0.00,TB@20260624,0.00,0.00,
flow:mon2Sales,EMMY,AP_orders,6290660.00,TB@20260624,6165660.00,125000.00,
flow:mon2Redemption,EMMY,AP_orders,1380931.00,TB@20260624,1006828.00,374103.00,REVIEW
flow:mon3Sales,EMMY,AP_orders,1492246.00,TB@20260624,1492246.00,0.00,
flow:mon3Redemption,EMMY,AP_orders,1122700.50,TB@20260624,1496803.50,-374103.00,REVIEW
flow:mon1Sales,EMXX,AP_orders,0.00,TB@20260624,0.00,0.00,
flow:mon1Redemption,EMXX,AP_orders,0.00,TB@20260624,0.00,0.00,
flow:mon2Sales,EMXX,AP_orders,0.00,TB@20260624,250000.00,-250000.00,REVIEW
flow:mon2Redemption,EMXX,AP_orders,0.00,TB@20260624,0.00,0.00,
flow:mon3Sales,EMXX,AP_orders,482030.00,TB@20260624,232030.00,250000.00,REVIEW
flow:mon3Redemption,EMXX,AP_orders,0.00,TB@20260624,0.00,0.00,
flow:mon1Sales,EUV,AP_orders,0.00,TB@20260624,125000.00,-125000.00,REVIEW
flow:mon1Redemption,EUV,AP_orders,0.00,TB@20260624,0.00,0.00,
flow:mon2Sales,EUV,AP_orders,265532448.00,TB@20260624,265407448.00,125000.00,
flow:mon2Redemption,EUV,AP_orders,66074182.50,TB@20260624,6146392.50,59927790.00,REVIEW
flow:mon3Sales,EUV,AP_orders,199372812.50,TB@20260624,196495802.50,2877010.00,
flow:mon3Redemption,EUV,AP_orders,29987946.00,TB@20260624,89915736.00,-59927790.00,REVIEW
flow:mon1Sales,EUVX,AP_orders,0.00,TB@20260624,0.00,0.00,
flow:mon1Redemption,EUVX,AP_orders,0.00,TB@20260624,0.00,0.00,
flow:mon2Sales,EUVX,AP_orders,0.00,TB@20260624,250000.00,-250000.00,REVIEW
flow:mon2Redemption,EUVX,AP_orders,0.00,TB@20260624,0.00,0.00,
flow:mon3Sales,EUVX,AP_orders,1935838.00,TB@20260624,763966.00,1171872.00,REVIEW
flow:mon3Redemption,EUVX,AP_orders,0.00,TB@20260624,0.00,0.00,
flow:mon1Sales,EYES,AP_orders,0.00,TB@20260624,125000.00,-125000.00,REVIEW
flow:mon1Redemption,EYES,AP_orders,0.00,TB@20260624,0.00,0.00,
flow:mon2Sales,EYES,AP_orders,3349803.50,TB@20260624,1263074.50,2086729.00,REVIEW
flow:mon2Redemption,EYES,AP_orders,0.00,TB@20260624,0.00,0.00,
flow:mon3Sales,EYES,AP_orders,0.00,TB@20260624,1961729.00,-1961729.00,REVIEW
flow:mon3Redemption,EYES,AP_orders,0.00,TB@20260624,0.00,0.00,
flow:mon1Sales,FBX,AP_orders,0.00,TB@20260624,0.00,0.00,
flow:mon1Redemption,FBX,AP_orders,0.00,TB@20260624,0.00,0.00,
flow:mon2Sales,FBX,AP_orders,0.00,TB@20260624,0.00,0.00,
flow:mon2Redemption,FBX,AP_orders,0.00,TB@20260624,0.00,0.00,
flow:mon3Sales,FBX,AP_orders,0.00,TB@20260624,250000.00,-250000.00,REVIEW
flow:mon3Redemption,FBX,AP_orders,0.00,TB@20260624,0.00,0.00,
flow:mon1Sales,FDRS,AP_orders,53780344.00,TB@20260624,84949377.00,-31169033.00,REVIEW
flow:mon1Redemption,FDRS,AP_orders,0.00,TB@20260624,6157027.00,-6157027.00,REVIEW
flow:mon2Sales,FDRS,AP_orders,9102349.00,TB@20260624,7600375.00,1501974.00,REVIEW
flow:mon2Redemption,FDRS,AP_orders,1157510.00,TB@20260624,1157510.00,0.00,
flow:mon3Sales,FDRS,AP_orders,18541933.00,TB@20260624,20043907.00,-1501974.00,REVIEW
flow:mon3Redemption,FDRS,AP_orders,5398231.00,TB@20260624,5398231.00,0.00,
flow:mon1Sales,FDRX,AP_orders,8086283.00,TB@20260624,17557169.00,-9470886.00,REVIEW
flow:mon1Redemption,FDRX,AP_orders,0.00,TB@20260624,2008107.00,-2008107.00,REVIEW
flow:mon2Sales,FDRX,AP_orders,2047077.00,TB@20260624,2047077.00,0.00,
flow:mon2Redemption,FDRX,AP_orders,0.00,TB@20260624,0.00,0.00,
flow:mon3Sales,FDRX,AP_orders,0.00,TB@20260624,0.00,0.00,
flow:mon3Redemption,FDRX,AP_orders,642372.00,TB@20260624,642372.00,0.00,
flow:mon1Sales,GASZ,AP_orders,0.00,TB@20260624,125000.00,-125000.00,REVIEW
flow:mon1Redemption,GASZ,AP_orders,0.00,TB@20260624,0.00,0.00,
flow:mon2Sales,GASZ,AP_orders,4335250.50,TB@20260624,2790446.50,1544804.00,REVIEW
flow:mon2Redemption,GASZ,AP_orders,0.00,TB@20260624,0.00,0.00,
flow:mon3Sales,GASZ,AP_orders,6753702.00,TB@20260624,8173506.00,-1419804.00,REVIEW
flow:mon3Redemption,GASZ,AP_orders,0.00,TB@20260624,0.00,0.00,
flow:mon1Sales,GLAM,AP_orders,0.00,TB@20260624,125000.00,-125000.00,REVIEW
flow:mon1Redemption,GLAM,AP_orders,0.00,TB@20260624,0.00,0.00,
flow:mon2Sales,GLAM,AP_orders,1408622.50,TB@20260624,1283622.50,125000.00,REVIEW
flow:mon2Redemption,GLAM,AP_orders,0.00,TB@20260624,0.00,0.00,
flow:mon3Sales,GLAM,AP_orders,0.00,TB@20260624,0.00,0.00,
flow:mon3Redemption,GLAM,AP_orders,0.00,TB@20260624,0.00,0.00,
flow:mon1Sales,GNMX,AP_orders,0.00,TB@20260624,125000.00,-125000.00,REVIEW
flow:mon1Redemption,GNMX,AP_orders,0.00,TB@20260624,0.00,0.00,
flow:mon2Sales,GNMX,AP_orders,1402266.00,TB@20260624,1277266.00,125000.00,REVIEW
flow:mon2Redemption,GNMX,AP_orders,0.00,TB@20260624,0.00,0.00,
flow:mon3Sales,GNMX,AP_orders,0.00,TB@20260624,0.00,0.00,
flow:mon3Redemption,GNMX,AP_orders,0.00,TB@20260624,0.00,0.00,
flow:mon1Sales,GOGL,AP_orders,0.00,TB@20260624,0.00,0.00,
flow:mon1Redemption,GOGL,AP_orders,0.00,TB@20260624,0.00,0.00,
flow:mon2Sales,GOGL,AP_orders,0.00,TB@20260624,0.00,0.00,
flow:mon2Redemption,GOGL,AP_orders,0.00,TB@20260624,0.00,0.00,
flow:mon3Sales,GOGL,AP_orders,0.00,TB@20260624,250000.00,-250000.00,REVIEW
flow:mon3Redemption,GOGL,AP_orders,0.00,TB@20260624,0.00,0.00,
flow:mon1Sales,GPTZ,AP_orders,0.00,TB@20260624,125000.00,-125000.00,REVIEW
flow:mon1Redemption,GPTZ,AP_orders,0.00,TB@20260624,0.00,0.00,
flow:mon2Sales,GPTZ,AP_orders,0.00,TB@20260624,0.00,0.00,
flow:mon2Redemption,GPTZ,AP_orders,0.00,TB@20260624,0.00,0.00,
flow:mon3Sales,GPTZ,AP_orders,0.00,TB@20260624,0.00,0.00,
flow:mon3Redemption,GPTZ,AP_orders,0.00,TB@20260624,0.00,0.00,
flow:mon1Sales,HJUN,AP_orders,0.00,TB@20260624,0.00,0.00,
flow:mon1Redemption,HJUN,AP_orders,0.00,TB@20260624,0.00,0.00,
flow:mon2Sales,HJUN,AP_orders,0.00,TB@20260624,250000.00,-250000.00,REVIEW
flow:mon2Redemption,HJUN,AP_orders,0.00,TB@20260624,0.00,0.00,
flow:mon3Sales,HJUN,AP_orders,1374316.00,TB@20260624,1124316.00,250000.00,REVIEW
flow:mon3Redemption,HJUN,AP_orders,0.00,TB@20260624,0.00,0.00,
flow:mon1Sales,HMAY,AP_orders,0.00,TB@20260624,125000.00,-125000.00,REVIEW
flow:mon1Redemption,HMAY,AP_orders,0.00,TB@20260624,0.00,0.00,
flow:mon2Sales,HMAY,AP_orders,5271380.50,TB@20260624,5146380.50,125000.00,
flow:mon2Redemption,HMAY,AP_orders,0.00,TB@20260624,0.00,0.00,
flow:mon3Sales,HMAY,AP_orders,0.00,TB@20260624,0.00,0.00,
flow:mon3Redemption,HMAY,AP_orders,506546.00,TB@20260624,506546.00,0.00,
flow:mon1Sales,HULL,AP_orders,0.00,TB@20260624,125000.00,-125000.00,REVIEW
flow:mon1Redemption,HULL,AP_orders,0.00,TB@20260624,0.00,0.00,
flow:mon2Sales,HULL,AP_orders,2827856.00,TB@20260624,2702856.00,125000.00,
flow:mon2Redemption,HULL,AP_orders,0.00,TB@20260624,0.00,0.00,
flow:mon3Sales,HULL,AP_orders,0.00,TB@20260624,0.00,0.00,
flow:mon3Redemption,HULL,AP_orders,382447.50,TB@20260624,0.00,382447.50,REVIEW
flow:mon1Sales,HYUX,AP_orders,0.00,TB@20260624,0.00,0.00,
flow:mon1Redemption,HYUX,AP_orders,0.00,TB@20260624,0.00,0.00,
flow:mon2Sales,HYUX,AP_orders,0.00,TB@20260624,0.00,0.00,
flow:mon2Redemption,HYUX,AP_orders,0.00,TB@20260624,0.00,0.00,
flow:mon3Sales,HYUX,AP_orders,0.00,TB@20260624,250000.00,-250000.00,REVIEW
flow:mon3Redemption,HYUX,AP_orders,0.00,TB@20260624,0.00,0.00,
flow:mon1Sales,ICEE,AP_orders,0.00,TB@20260624,125000.00,-125000.00,REVIEW
flow:mon1Redemption,ICEE,AP_orders,0.00,TB@20260624,0.00,0.00,
flow:mon2Sales,ICEE,AP_orders,0.00,TB@20260624,0.00,0.00,
flow:mon2Redemption,ICEE,AP_orders,0.00,TB@20260624,0.00,0.00,
flow:mon3Sales,ICEE,AP_orders,0.00,TB@20260624,0.00,0.00,
flow:mon3Redemption,ICEE,AP_orders,0.00,TB@20260624,0.00,0.00,
flow:mon1Sales,IDJN,AP_orders,0.00,TB@20260624,0.00,0.00,
flow:mon1Redemption,IDJN,AP_orders,0.00,TB@20260624,0.00,0.00,
flow:mon2Sales,IDJN,AP_orders,0.00,TB@20260624,250000.00,-250000.00,REVIEW
flow:mon2Redemption,IDJN,AP_orders,0.00,TB@20260624,0.00,0.00,
flow:mon3Sales,IDJN,AP_orders,1491906.00,TB@20260624,1241906.00,250000.00,REVIEW
flow:mon3Redemption,IDJN,AP_orders,497848.00,TB@20260624,497848.00,0.00,
flow:mon1Sales,IDMY,AP_orders,0.00,TB@20260624,125000.00,-125000.00,REVIEW
flow:mon1Redemption,IDMY,AP_orders,0.00,TB@20260624,0.00,0.00,
flow:mon2Sales,IDMY,AP_orders,5167504.00,TB@20260624,5042504.00,125000.00,
flow:mon2Redemption,IDMY,AP_orders,0.00,TB@20260624,0.00,0.00,
flow:mon3Sales,IDMY,AP_orders,0.00,TB@20260624,0.00,0.00,
flow:mon3Redemption,IDMY,AP_orders,376906.50,TB@20260624,376906.50,0.00,
flow:mon1Sales,IONC,AP_orders,0.00,TB@20260624,0.00,0.00,
flow:mon1Redemption,IONC,AP_orders,0.00,TB@20260624,0.00,0.00,
flow:mon2Sales,IONC,AP_orders,0.00,TB@20260624,0.00,0.00,
flow:mon2Redemption,IONC,AP_orders,0.00,TB@20260624,0.00,0.00,
flow:mon3Sales,IONC,AP_orders,0.00,TB@20260624,250000.00,-250000.00,REVIEW
flow:mon3Redemption,IONC,AP_orders,0.00,TB@20260624,0.00,0.00,
flow:mon1Sales,IOSX,AP_orders,0.00,TB@20260624,0.00,0.00,
flow:mon1Redemption,IOSX,AP_orders,0.00,TB@20260624,0.00,0.00,
flow:mon2Sales,IOSX,AP_orders,0.00,TB@20260624,0.00,0.00,
flow:mon2Redemption,IOSX,AP_orders,0.00,TB@20260624,0.00,0.00,
flow:mon3Sales,IOSX,AP_orders,0.00,TB@20260624,250000.00,-250000.00,REVIEW
flow:mon3Redemption,IOSX,AP_orders,0.00,TB@20260624,0.00,0.00,
flow:mon1Sales,JOUL,AP_orders,0.00,TB@20260624,125000.00,-125000.00,REVIEW
flow:mon1Redemption,JOUL,AP_orders,0.00,TB@20260624,0.00,0.00,
flow:mon2Sales,JOUL,AP_orders,7211386.00,TB@20260624,2779589.00,4431797.00,REVIEW
flow:mon2Redemption,JOUL,AP_orders,0.00,TB@20260624,0.00,0.00,
flow:mon3Sales,JOUL,AP_orders,4376043.00,TB@20260624,8682840.00,-4306797.00,REVIEW
flow:mon3Redemption,JOUL,AP_orders,0.00,TB@20260624,0.00,0.00,
flow:mon1Sales,JUNC,AP_orders,0.00,TB@20260624,0.00,0.00,
flow:mon1Redemption,JUNC,AP_orders,0.00,TB@20260624,0.00,0.00,
flow:mon2Sales,JUNC,AP_orders,0.00,TB@20260624,250000.00,-250000.00,REVIEW
flow:mon2Redemption,JUNC,AP_orders,0.00,TB@20260624,0.00,0.00,
flow:mon3Sales,JUNC,AP_orders,1246176.00,TB@20260624,996176.00,250000.00,REVIEW
flow:mon3Redemption,JUNC,AP_orders,0.00,TB@20260624,0.00,0.00,
flow:mon1Sales,KEYX,AP_orders,0.00,TB@20260624,0.00,0.00,
flow:mon1Redemption,KEYX,AP_orders,0.00,TB@20260624,0.00,0.00,
flow:mon2Sales,KEYX,AP_orders,0.00,TB@20260624,0.00,0.00,
flow:mon2Redemption,KEYX,AP_orders,0.00,TB@20260624,0.00,0.00,
flow:mon3Sales,KEYX,AP_orders,250000.00,TB@20260624,250000.00,0.00,
flow:mon3Redemption,KEYX,AP_orders,0.00,TB@20260624,0.00,0.00,
flow:mon1Sales,KI,AP_orders,0.00,TB@20260624,0.00,0.00,
flow:mon1Redemption,KI,AP_orders,0.00,TB@20260624,0.00,0.00,
flow:mon2Sales,KI,AP_orders,0.00,TB@20260624,0.00,0.00,
flow:mon2Redemption,KI,AP_orders,0.00,TB@20260624,0.00,0.00,
flow:mon3Sales,KI,AP_orders,0.00,TB@20260624,250000.00,-250000.00,REVIEW
flow:mon3Redemption,KI,AP_orders,0.00,TB@20260624,0.00,0.00,
flow:mon1Sales,KRWX,AP_orders,0.00,TB@20260624,0.00,0.00,
flow:mon1Redemption,KRWX,AP_orders,0.00,TB@20260624,0.00,0.00,
flow:mon2Sales,KRWX,AP_orders,0.00,TB@20260624,250000.00,-250000.00,REVIEW
flow:mon2Redemption,KRWX,AP_orders,0.00,TB@20260624,0.00,0.00,
flow:mon3Sales,KRWX,AP_orders,2356487.00,TB@20260624,1175252.00,1181235.00,REVIEW
flow:mon3Redemption,KRWX,AP_orders,1287098.00,TB@20260624,1287098.00,0.00,
flow:mon1Sales,KYC,AP_orders,0.00,TB@20260624,125000.00,-125000.00,REVIEW
flow:mon1Redemption,KYC,AP_orders,0.00,TB@20260624,0.00,0.00,
flow:mon2Sales,KYC,AP_orders,1478468.00,TB@20260624,1353468.00,125000.00,REVIEW
flow:mon2Redemption,KYC,AP_orders,0.00,TB@20260624,0.00,0.00,
flow:mon3Sales,KYC,AP_orders,0.00,TB@20260624,0.00,0.00,
flow:mon3Redemption,KYC,AP_orders,0.00,TB@20260624,0.00,0.00,
flow:mon1Sales,LASC,AP_orders,0.00,TB@20260624,0.00,0.00,
flow:mon1Redemption,LASC,AP_orders,0.00,TB@20260624,0.00,0.00,
flow:mon2Sales,LASC,AP_orders,0.00,TB@20260624,0.00,0.00,
flow:mon2Redemption,LASC,AP_orders,0.00,TB@20260624,0.00,0.00,
flow:mon3Sales,LASC,AP_orders,250000.00,TB@20260624,250000.00,0.00,
flow:mon3Redemption,LASC,AP_orders,0.00,TB@20260624,0.00,0.00,
flow:mon1Sales,LASX,AP_orders,0.00,TB@20260624,0.00,0.00,
flow:mon1Redemption,LASX,AP_orders,0.00,TB@20260624,0.00,0.00,
flow:mon2Sales,LASX,AP_orders,0.00,TB@20260624,0.00,0.00,
flow:mon2Redemption,LASX,AP_orders,0.00,TB@20260624,0.00,0.00,
flow:mon3Sales,LASX,AP_orders,0.00,TB@20260624,250000.00,-250000.00,REVIEW
flow:mon3Redemption,LASX,AP_orders,0.00,TB@20260624,0.00,0.00,
flow:mon1Sales,LATR,AP_orders,0.00,TB@20260624,125000.00,-125000.00,REVIEW
flow:mon1Redemption,LATR,AP_orders,0.00,TB@20260624,0.00,0.00,
flow:mon2Sales,LATR,AP_orders,1470328.00,TB@20260624,1345328.00,125000.00,REVIEW
flow:mon2Redemption,LATR,AP_orders,0.00,TB@20260624,0.00,0.00,
flow:mon3Sales,LATR,AP_orders,0.00,TB@20260624,0.00,0.00,
flow:mon3Redemption,LATR,AP_orders,0.00,TB@20260624,0.00,0.00,
flow:mon1Sales,LRNX,AP_orders,0.00,TB@20260624,0.00,0.00,
flow:mon1Redemption,LRNX,AP_orders,0.00,TB@20260624,0.00,0.00,
flow:mon2Sales,LRNX,AP_orders,0.00,TB@20260624,0.00,0.00,
flow:mon2Redemption,LRNX,AP_orders,0.00,TB@20260624,0.00,0.00,
flow:mon3Sales,LRNX,AP_orders,250000.00,TB@20260624,250000.00,0.00,
flow:mon3Redemption,LRNX,AP_orders,0.00,TB@20260624,0.00,0.00,
flow:mon1Sales,MAYC,AP_orders,1000000.00,TB@20260624,25.00,999975.00,REVIEW
flow:mon1Redemption,MAYC,AP_orders,0.00,TB@20260624,0.00,0.00,
flow:mon2Sales,MAYC,AP_orders,4275755.00,TB@20260624,5275730.00,-999975.00,REVIEW
flow:mon2Redemption,MAYC,AP_orders,0.00,TB@20260624,0.00,0.00,
flow:mon3Sales,MAYC,AP_orders,0.00,TB@20260624,0.00,0.00,
flow:mon3Redemption,MAYC,AP_orders,646830.00,TB@20260624,646830.00,0.00,
flow:mon1Sales,MDTX,AP_orders,0.00,TB@20260624,0.00,0.00,
flow:mon1Redemption,MDTX,AP_orders,0.00,TB@20260624,0.00,0.00,
flow:mon2Sales,MDTX,AP_orders,0.00,TB@20260624,0.00,0.00,
flow:mon2Redemption,MDTX,AP_orders,0.00,TB@20260624,0.00,0.00,
flow:mon3Sales,MDTX,AP_orders,0.00,TB@20260624,250000.00,-250000.00,REVIEW
flow:mon3Redemption,MDTX,AP_orders,0.00,TB@20260624,0.00,0.00,
flow:mon1Sales,MGKX,AP_orders,0.00,TB@20260624,0.00,0.00,
flow:mon1Redemption,MGKX,AP_orders,0.00,TB@20260624,0.00,0.00,
flow:mon2Sales,MGKX,AP_orders,0.00,TB@20260624,250000.00,-250000.00,REVIEW
flow:mon2Redemption,MGKX,AP_orders,0.00,TB@20260624,0.00,0.00,
flow:mon3Sales,MGKX,AP_orders,582704.50,TB@20260624,332704.50,250000.00,REVIEW
flow:mon3Redemption,MGKX,AP_orders,214508.00,TB@20260624,0.00,214508.00,REVIEW
flow:mon1Sales,MIC,AP_orders,0.00,TB@20260624,0.00,0.00,
flow:mon1Redemption,MIC,AP_orders,0.00,TB@20260624,0.00,0.00,
flow:mon2Sales,MIC,AP_orders,0.00,TB@20260624,0.00,0.00,
flow:mon2Redemption,MIC,AP_orders,0.00,TB@20260624,0.00,0.00,
flow:mon3Sales,MIC,AP_orders,0.00,TB@20260624,250000.00,-250000.00,REVIEW
flow:mon3Redemption,MIC,AP_orders,0.00,TB@20260624,0.00,0.00,
flow:mon1Sales,MNSX,AP_orders,0.00,TB@20260624,0.00,0.00,
flow:mon1Redemption,MNSX,AP_orders,0.00,TB@20260624,0.00,0.00,
flow:mon2Sales,MNSX,AP_orders,0.00,TB@20260624,0.00,0.00,
flow:mon2Redemption,MNSX,AP_orders,0.00,TB@20260624,0.00,0.00,
flow:mon3Sales,MNSX,AP_orders,250000.00,TB@20260624,250000.00,0.00,
flow:mon3Redemption,MNSX,AP_orders,0.00,TB@20260624,0.00,0.00,
flow:mon1Sales,MSFC,AP_orders,0.00,TB@20260624,0.00,0.00,
flow:mon1Redemption,MSFC,AP_orders,0.00,TB@20260624,0.00,0.00,
flow:mon2Sales,MSFC,AP_orders,0.00,TB@20260624,0.00,0.00,
flow:mon2Redemption,MSFC,AP_orders,0.00,TB@20260624,0.00,0.00,
flow:mon3Sales,MSFC,AP_orders,0.00,TB@20260624,250000.00,-250000.00,REVIEW
flow:mon3Redemption,MSFC,AP_orders,0.00,TB@20260624,0.00,0.00,
flow:mon1Sales,MSIX,AP_orders,0.00,TB@20260624,0.00,0.00,
flow:mon1Redemption,MSIX,AP_orders,0.00,TB@20260624,0.00,0.00,
flow:mon2Sales,MSIX,AP_orders,0.00,TB@20260624,0.00,0.00,
flow:mon2Redemption,MSIX,AP_orders,0.00,TB@20260624,0.00,0.00,
flow:mon3Sales,MSIX,AP_orders,250000.00,TB@20260624,250000.00,0.00,
flow:mon3Redemption,MSIX,AP_orders,0.00,TB@20260624,0.00,0.00,
flow:mon1Sales,MSTC,AP_orders,0.00,TB@20260624,0.00,0.00,
flow:mon1Redemption,MSTC,AP_orders,0.00,TB@20260624,0.00,0.00,
flow:mon2Sales,MSTC,AP_orders,0.00,TB@20260624,0.00,0.00,
flow:mon2Redemption,MSTC,AP_orders,0.00,TB@20260624,0.00,0.00,
flow:mon3Sales,MSTC,AP_orders,0.00,TB@20260624,250000.00,-250000.00,REVIEW
flow:mon3Redemption,MSTC,AP_orders,0.00,TB@20260624,0.00,0.00,
flow:mon1Sales,NVC,AP_orders,0.00,TB@20260624,0.00,0.00,
flow:mon1Redemption,NVC,AP_orders,0.00,TB@20260624,0.00,0.00,
flow:mon2Sales,NVC,AP_orders,0.00,TB@20260624,0.00,0.00,
flow:mon2Redemption,NVC,AP_orders,0.00,TB@20260624,0.00,0.00,
flow:mon3Sales,NVC,AP_orders,0.00,TB@20260624,250000.00,-250000.00,REVIEW
flow:mon3Redemption,NVC,AP_orders,0.00,TB@20260624,0.00,0.00,
flow:mon1Sales,NWKD,AP_orders,0.00,TB@20260624,125000.00,-125000.00,REVIEW
flow:mon1Redemption,NWKD,AP_orders,0.00,TB@20260624,0.00,0.00,
flow:mon2Sales,NWKD,AP_orders,0.00,TB@20260624,0.00,0.00,
flow:mon2Redemption,NWKD,AP_orders,0.00,TB@20260624,0.00,0.00,
flow:mon3Sales,NWKD,AP_orders,0.00,TB@20260624,0.00,0.00,
flow:mon3Redemption,NWKD,AP_orders,0.00,TB@20260624,0.00,0.00,
flow:mon1Sales,NYNY,AP_orders,0.00,TB@20260624,125000.00,-125000.00,REVIEW
flow:mon1Redemption,NYNY,AP_orders,0.00,TB@20260624,0.00,0.00,
flow:mon2Sales,NYNY,AP_orders,1391559.50,TB@20260624,1266559.50,125000.00,REVIEW
flow:mon2Redemption,NYNY,AP_orders,0.00,TB@20260624,0.00,0.00,
flow:mon3Sales,NYNY,AP_orders,0.00,TB@20260624,0.00,0.00,
flow:mon3Redemption,NYNY,AP_orders,263369.00,TB@20260624,0.00,263369.00,REVIEW
flow:mon1Sales,ODDZ,AP_orders,0.00,TB@20260624,125000.00,-125000.00,REVIEW
flow:mon1Redemption,ODDZ,AP_orders,0.00,TB@20260624,0.00,0.00,
flow:mon2Sales,ODDZ,AP_orders,1889217.00,TB@20260624,1764217.00,125000.00,REVIEW
flow:mon2Redemption,ODDZ,AP_orders,0.00,TB@20260624,0.00,0.00,
flow:mon3Sales,ODDZ,AP_orders,0.00,TB@20260624,0.00,0.00,
flow:mon3Redemption,ODDZ,AP_orders,822912.00,TB@20260624,822912.00,0.00,
flow:mon1Sales,ONTX,AP_orders,0.00,TB@20260624,0.00,0.00,
flow:mon1Redemption,ONTX,AP_orders,0.00,TB@20260624,0.00,0.00,
flow:mon2Sales,ONTX,AP_orders,0.00,TB@20260624,0.00,0.00,
flow:mon2Redemption,ONTX,AP_orders,0.00,TB@20260624,0.00,0.00,
flow:mon3Sales,ONTX,AP_orders,250000.00,TB@20260624,250000.00,0.00,
flow:mon3Redemption,ONTX,AP_orders,0.00,TB@20260624,0.00,0.00,
flow:mon1Sales,ORAC,AP_orders,0.00,TB@20260624,0.00,0.00,
flow:mon1Redemption,ORAC,AP_orders,0.00,TB@20260624,0.00,0.00,
flow:mon2Sales,ORAC,AP_orders,0.00,TB@20260624,0.00,0.00,
flow:mon2Redemption,ORAC,AP_orders,0.00,TB@20260624,0.00,0.00,
flow:mon3Sales,ORAC,AP_orders,0.00,TB@20260624,250025.00,-250025.00,REVIEW
flow:mon3Redemption,ORAC,AP_orders,0.00,TB@20260624,0.00,0.00,
flow:mon1Sales,OWN,AP_orders,0.00,TB@20260624,0.00,0.00,
flow:mon1Redemption,OWN,AP_orders,0.00,TB@20260624,0.00,0.00,
flow:mon2Sales,OWN,AP_orders,0.00,TB@20260624,125000.00,-125000.00,REVIEW
flow:mon2Redemption,OWN,AP_orders,0.00,TB@20260624,0.00,0.00,
flow:mon3Sales,OWN,AP_orders,3383699.00,TB@20260624,3258699.00,125000.00,
flow:mon3Redemption,OWN,AP_orders,947648.00,TB@20260624,0.00,947648.00,REVIEW
flow:mon1Sales,PALX,AP_orders,0.00,TB@20260624,0.00,0.00,
flow:mon1Redemption,PALX,AP_orders,0.00,TB@20260624,0.00,0.00,
flow:mon2Sales,PALX,AP_orders,0.00,TB@20260624,0.00,0.00,
flow:mon2Redemption,PALX,AP_orders,0.00,TB@20260624,0.00,0.00,
flow:mon3Sales,PALX,AP_orders,0.00,TB@20260624,250000.00,-250000.00,REVIEW
flow:mon3Redemption,PALX,AP_orders,0.00,TB@20260624,0.00,0.00,
flow:mon1Sales,PLTL,AP_orders,0.00,TB@20260624,0.00,0.00,
flow:mon1Redemption,PLTL,AP_orders,0.00,TB@20260624,0.00,0.00,
flow:mon2Sales,PLTL,AP_orders,0.00,TB@20260624,0.00,0.00,
flow:mon2Redemption,PLTL,AP_orders,0.00,TB@20260624,0.00,0.00,
flow:mon3Sales,PLTL,AP_orders,0.00,TB@20260624,250000.00,-250000.00,REVIEW
flow:mon3Redemption,PLTL,AP_orders,0.00,TB@20260624,0.00,0.00,
flow:mon1Sales,PTNT,AP_orders,0.00,TB@20260624,125000.00,-125000.00,REVIEW
flow:mon1Redemption,PTNT,AP_orders,0.00,TB@20260624,0.00,0.00,
flow:mon2Sales,PTNT,AP_orders,1397466.00,TB@20260624,1272466.00,125000.00,REVIEW
flow:mon2Redemption,PTNT,AP_orders,0.00,TB@20260624,0.00,0.00,
flow:mon3Sales,PTNT,AP_orders,0.00,TB@20260624,0.00,0.00,
flow:mon3Redemption,PTNT,AP_orders,0.00,TB@20260624,0.00,0.00,
flow:mon1Sales,QJN,AP_orders,0.00,TB@20260624,0.00,0.00,
flow:mon1Redemption,QJN,AP_orders,0.00,TB@20260624,0.00,0.00,
flow:mon2Sales,QJN,AP_orders,0.00,TB@20260624,500000.00,-500000.00,REVIEW
flow:mon2Redemption,QJN,AP_orders,0.00,TB@20260624,0.00,0.00,
flow:mon3Sales,QJN,AP_orders,1000000.00,TB@20260624,500000.00,500000.00,REVIEW
flow:mon3Redemption,QJN,AP_orders,0.00,TB@20260624,0.00,0.00,
flow:mon1Sales,QMY,AP_orders,0.00,TB@20260624,125000.00,-125000.00,REVIEW
flow:mon1Redemption,QMY,AP_orders,0.00,TB@20260624,0.00,0.00,
flow:mon2Sales,QMY,AP_orders,5181842.50,TB@20260624,5056842.50,125000.00,
flow:mon2Redemption,QMY,AP_orders,0.00,TB@20260624,0.00,0.00,
flow:mon3Sales,QMY,AP_orders,131338.50,TB@20260624,131338.50,0.00,
flow:mon3Redemption,QMY,AP_orders,657652.50,TB@20260624,657652.50,0.00,
flow:mon1Sales,QQJN,AP_orders,0.00,TB@20260624,0.00,0.00,
flow:mon1Redemption,QQJN,AP_orders,0.00,TB@20260624,0.00,0.00,
flow:mon2Sales,QQJN,AP_orders,0.00,TB@20260624,250000.00,-250000.00,REVIEW
flow:mon2Redemption,QQJN,AP_orders,0.00,TB@20260624,0.00,0.00,
flow:mon3Sales,QQJN,AP_orders,1244876.00,TB@20260624,994876.00,250000.00,REVIEW
flow:mon3Redemption,QQJN,AP_orders,0.00,TB@20260624,0.00,0.00,
flow:mon1Sales,QQMY,AP_orders,1000000.00,TB@20260624,25.00,999975.00,REVIEW
flow:mon1Redemption,QQMY,AP_orders,0.00,TB@20260624,0.00,0.00,
flow:mon2Sales,QQMY,AP_orders,4402195.00,TB@20260624,5402170.00,-999975.00,REVIEW
flow:mon2Redemption,QQMY,AP_orders,0.00,TB@20260624,0.00,0.00,
flow:mon3Sales,QQMY,AP_orders,514538.00,TB@20260624,514538.00,0.00,
flow:mon3Redemption,QQMY,AP_orders,651987.50,TB@20260624,651987.50,0.00,
flow:mon1Sales,RCKZ,AP_orders,0.00,TB@20260624,125000.00,-125000.00,REVIEW
flow:mon1Redemption,RCKZ,AP_orders,0.00,TB@20260624,0.00,0.00,
flow:mon2Sales,RCKZ,AP_orders,0.00,TB@20260624,0.00,0.00,
flow:mon2Redemption,RCKZ,AP_orders,0.00,TB@20260624,0.00,0.00,
flow:mon3Sales,RCKZ,AP_orders,0.00,TB@20260624,0.00,0.00,
flow:mon3Redemption,RCKZ,AP_orders,0.00,TB@20260624,0.00,0.00,
flow:mon1Sales,RKX,AP_orders,0.00,TB@20260624,0.00,0.00,
flow:mon1Redemption,RKX,AP_orders,0.00,TB@20260624,0.00,0.00,
flow:mon2Sales,RKX,AP_orders,0.00,TB@20260624,0.00,0.00,
flow:mon2Redemption,RKX,AP_orders,0.00,TB@20260624,0.00,0.00,
flow:mon3Sales,RKX,AP_orders,0.00,TB@20260624,250025.00,-250025.00,REVIEW
flow:mon3Redemption,RKX,AP_orders,0.00,TB@20260624,0.00,0.00,
flow:mon1Sales,RMBC,AP_orders,0.00,TB@20260624,0.00,0.00,
flow:mon1Redemption,RMBC,AP_orders,0.00,TB@20260624,0.00,0.00,
flow:mon2Sales,RMBC,AP_orders,0.00,TB@20260624,0.00,0.00,
flow:mon2Redemption,RMBC,AP_orders,0.00,TB@20260624,0.00,0.00,
flow:mon3Sales,RMBC,AP_orders,250000.00,TB@20260624,250000.00,0.00,
flow:mon3Redemption,RMBC,AP_orders,0.00,TB@20260624,0.00,0.00,
flow:mon1Sales,SAMX,AP_orders,0.00,TB@20260624,0.00,0.00,
flow:mon1Redemption,SAMX,AP_orders,0.00,TB@20260624,0.00,0.00,
flow:mon2Sales,SAMX,AP_orders,0.00,TB@20260624,0.00,0.00,
flow:mon2Redemption,SAMX,AP_orders,0.00,TB@20260624,0.00,0.00,
flow:mon3Sales,SAMX,AP_orders,0.00,TB@20260624,250000.00,-250000.00,REVIEW
flow:mon3Redemption,SAMX,AP_orders,0.00,TB@20260624,0.00,0.00,
flow:mon1Sales,SCJN,AP_orders,0.00,TB@20260624,0.00,0.00,
flow:mon1Redemption,SCJN,AP_orders,0.00,TB@20260624,0.00,0.00,
flow:mon2Sales,SCJN,AP_orders,0.00,TB@20260624,250000.00,-250000.00,REVIEW
flow:mon2Redemption,SCJN,AP_orders,0.00,TB@20260624,0.00,0.00,
flow:mon3Sales,SCJN,AP_orders,1000000.00,TB@20260624,750000.00,250000.00,REVIEW
flow:mon3Redemption,SCJN,AP_orders,0.00,TB@20260624,0.00,0.00,
flow:mon1Sales,SCMY,AP_orders,0.00,TB@20260624,125000.00,-125000.00,REVIEW
flow:mon1Redemption,SCMY,AP_orders,0.00,TB@20260624,0.00,0.00,
flow:mon2Sales,SCMY,AP_orders,5151994.00,TB@20260624,5026994.00,125000.00,
flow:mon2Redemption,SCMY,AP_orders,0.00,TB@20260624,0.00,0.00,
flow:mon3Sales,SCMY,AP_orders,0.00,TB@20260624,0.00,0.00,
flow:mon3Redemption,SCMY,AP_orders,509398.00,TB@20260624,509398.00,0.00,
flow:mon1Sales,SIMX,AP_orders,0.00,TB@20260624,0.00,0.00,
flow:mon1Redemption,SIMX,AP_orders,0.00,TB@20260624,0.00,0.00,
flow:mon2Sales,SIMX,AP_orders,0.00,TB@20260624,0.00,0.00,
flow:mon2Redemption,SIMX,AP_orders,0.00,TB@20260624,0.00,0.00,
flow:mon3Sales,SIMX,AP_orders,250000.00,TB@20260624,250000.00,0.00,
flow:mon3Redemption,SIMX,AP_orders,0.00,TB@20260624,0.00,0.00,
flow:mon1Sales,SK,AP_orders,0.00,TB@20260624,0.00,0.00,
flow:mon1Redemption,SK,AP_orders,0.00,TB@20260624,0.00,0.00,
flow:mon2Sales,SK,AP_orders,0.00,TB@20260624,0.00,0.00,
flow:mon2Redemption,SK,AP_orders,0.00,TB@20260624,0.00,0.00,
flow:mon3Sales,SK,AP_orders,0.00,TB@20260624,250000.00,-250000.00,REVIEW
flow:mon3Redemption,SK,AP_orders,0.00,TB@20260624,0.00,0.00,
flow:mon1Sales,SMCC,AP_orders,0.00,TB@20260624,0.00,0.00,
flow:mon1Redemption,SMCC,AP_orders,0.00,TB@20260624,0.00,0.00,
flow:mon2Sales,SMCC,AP_orders,0.00,TB@20260624,0.00,0.00,
flow:mon2Redemption,SMCC,AP_orders,0.00,TB@20260624,0.00,0.00,
flow:mon3Sales,SMCC,AP_orders,0.00,TB@20260624,250000.00,-250000.00,REVIEW
flow:mon3Redemption,SMCC,AP_orders,0.00,TB@20260624,0.00,0.00,
flow:mon1Sales,SNDC,AP_orders,0.00,TB@20260624,0.00,0.00,
flow:mon1Redemption,SNDC,AP_orders,0.00,TB@20260624,0.00,0.00,
flow:mon2Sales,SNDC,AP_orders,0.00,TB@20260624,0.00,0.00,
flow:mon2Redemption,SNDC,AP_orders,0.00,TB@20260624,0.00,0.00,
flow:mon3Sales,SNDC,AP_orders,0.00,TB@20260624,250000.00,-250000.00,REVIEW
flow:mon3Redemption,SNDC,AP_orders,0.00,TB@20260624,0.00,0.00,
flow:mon1Sales,STYL,AP_orders,0.00,TB@20260624,125000.00,-125000.00,REVIEW
flow:mon1Redemption,STYL,AP_orders,0.00,TB@20260624,0.00,0.00,
flow:mon2Sales,STYL,AP_orders,1414168.50,TB@20260624,1289168.50,125000.00,REVIEW
flow:mon2Redemption,STYL,AP_orders,0.00,TB@20260624,0.00,0.00,
flow:mon3Sales,STYL,AP_orders,0.00,TB@20260624,0.00,0.00,
flow:mon3Redemption,STYL,AP_orders,258888.00,TB@20260624,0.00,258888.00,REVIEW
flow:mon1Sales,TAJX,AP_orders,0.00,TB@20260624,0.00,0.00,
flow:mon1Redemption,TAJX,AP_orders,0.00,TB@20260624,0.00,0.00,
flow:mon2Sales,TAJX,AP_orders,0.00,TB@20260624,250000.00,-250000.00,REVIEW
flow:mon2Redemption,TAJX,AP_orders,0.00,TB@20260624,0.00,0.00,
flow:mon3Sales,TAJX,AP_orders,611272.00,TB@20260624,361272.00,250000.00,REVIEW
flow:mon3Redemption,TAJX,AP_orders,0.00,TB@20260624,0.00,0.00,
flow:mon1Sales,TELX,AP_orders,0.00,TB@20260624,0.00,0.00,
flow:mon1Redemption,TELX,AP_orders,0.00,TB@20260624,0.00,0.00,
flow:mon2Sales,TELX,AP_orders,0.00,TB@20260624,0.00,0.00,
flow:mon2Redemption,TELX,AP_orders,0.00,TB@20260624,0.00,0.00,
flow:mon3Sales,TELX,AP_orders,0.00,TB@20260624,250000.00,-250000.00,REVIEW
flow:mon3Redemption,TELX,AP_orders,0.00,TB@20260624,0.00,0.00,
flow:mon1Sales,TESC,AP_orders,0.00,TB@20260624,0.00,0.00,
flow:mon1Redemption,TESC,AP_orders,0.00,TB@20260624,0.00,0.00,
flow:mon2Sales,TESC,AP_orders,0.00,TB@20260624,0.00,0.00,
flow:mon2Redemption,TESC,AP_orders,0.00,TB@20260624,0.00,0.00,
flow:mon3Sales,TESC,AP_orders,0.00,TB@20260624,250000.00,-250000.00,REVIEW
flow:mon3Redemption,TESC,AP_orders,0.00,TB@20260624,0.00,0.00,
flow:mon1Sales,TPLX,AP_orders,0.00,TB@20260624,0.00,0.00,
flow:mon1Redemption,TPLX,AP_orders,0.00,TB@20260624,0.00,0.00,
flow:mon2Sales,TPLX,AP_orders,0.00,TB@20260624,0.00,0.00,
flow:mon2Redemption,TPLX,AP_orders,0.00,TB@20260624,0.00,0.00,
flow:mon3Sales,TPLX,AP_orders,250000.00,TB@20260624,250000.00,0.00,
flow:mon3Redemption,TPLX,AP_orders,0.00,TB@20260624,0.00,0.00,
flow:mon1Sales,TWSC,AP_orders,0.00,TB@20260624,0.00,0.00,
flow:mon1Redemption,TWSC,AP_orders,0.00,TB@20260624,0.00,0.00,
flow:mon2Sales,TWSC,AP_orders,0.00,TB@20260624,0.00,0.00,
flow:mon2Redemption,TWSC,AP_orders,0.00,TB@20260624,0.00,0.00,
flow:mon3Sales,TWSC,AP_orders,0.00,TB@20260624,250000.00,-250000.00,REVIEW
flow:mon3Redemption,TWSC,AP_orders,0.00,TB@20260624,0.00,0.00,
flow:mon1Sales,UCTX,AP_orders,0.00,TB@20260624,0.00,0.00,
flow:mon1Redemption,UCTX,AP_orders,0.00,TB@20260624,0.00,0.00,
flow:mon2Sales,UCTX,AP_orders,0.00,TB@20260624,0.00,0.00,
flow:mon2Redemption,UCTX,AP_orders,0.00,TB@20260624,0.00,0.00,
flow:mon3Sales,UCTX,AP_orders,0.00,TB@20260624,250000.00,-250000.00,REVIEW
flow:mon3Redemption,UCTX,AP_orders,0.00,TB@20260624,0.00,0.00,
flow:mon1Sales,UMCX,AP_orders,0.00,TB@20260624,0.00,0.00,
flow:mon1Redemption,UMCX,AP_orders,0.00,TB@20260624,0.00,0.00,
flow:mon2Sales,UMCX,AP_orders,0.00,TB@20260624,0.00,0.00,
flow:mon2Redemption,UMCX,AP_orders,0.00,TB@20260624,0.00,0.00,
flow:mon3Sales,UMCX,AP_orders,250000.00,TB@20260624,250000.00,0.00,
flow:mon3Redemption,UMCX,AP_orders,0.00,TB@20260624,0.00,0.00,
flow:mon1Sales,USX,AP_orders,0.00,TB@20260624,0.00,0.00,
flow:mon1Redemption,USX,AP_orders,0.00,TB@20260624,0.00,0.00,
flow:mon2Sales,USX,AP_orders,0.00,TB@20260624,250000.00,-250000.00,REVIEW
flow:mon2Redemption,USX,AP_orders,0.00,TB@20260624,0.00,0.00,
flow:mon3Sales,USX,AP_orders,485845.00,TB@20260624,235845.00,250000.00,REVIEW
flow:mon3Redemption,USX,AP_orders,0.00,TB@20260624,0.00,0.00,
flow:mon1Sales,VBX,AP_orders,0.00,TB@20260624,0.00,0.00,
flow:mon1Redemption,VBX,AP_orders,0.00,TB@20260624,0.00,0.00,
flow:mon2Sales,VBX,AP_orders,0.00,TB@20260624,250000.00,-250000.00,REVIEW
flow:mon2Redemption,VBX,AP_orders,0.00,TB@20260624,0.00,0.00,
flow:mon3Sales,VBX,AP_orders,874852.00,TB@20260624,624852.00,250000.00,REVIEW
flow:mon3Redemption,VBX,AP_orders,0.00,TB@20260624,0.00,0.00,
flow:mon1Sales,VOOX,AP_orders,0.00,TB@20260624,0.00,0.00,
flow:mon1Redemption,VOOX,AP_orders,0.00,TB@20260624,0.00,0.00,
flow:mon2Sales,VOOX,AP_orders,0.00,TB@20260624,250000.00,-250000.00,REVIEW
flow:mon2Redemption,VOOX,AP_orders,0.00,TB@20260624,0.00,0.00,
flow:mon3Sales,VOOX,AP_orders,719642.00,TB@20260624,469642.00,250000.00,REVIEW
flow:mon3Redemption,VOOX,AP_orders,0.00,TB@20260624,0.00,0.00,
flow:mon1Sales,WATS,AP_orders,0.00,TB@20260624,125000.00,-125000.00,REVIEW
flow:mon1Redemption,WATS,AP_orders,0.00,TB@20260624,0.00,0.00,
flow:mon2Sales,WATS,AP_orders,1326920.00,TB@20260624,1201920.00,125000.00,REVIEW
flow:mon2Redemption,WATS,AP_orders,0.00,TB@20260624,0.00,0.00,
flow:mon3Sales,WATS,AP_orders,967200.00,TB@20260624,967200.00,0.00,
flow:mon3Redemption,WATS,AP_orders,0.00,TB@20260624,0.00,0.00,
flow:mon1Sales,WEBX,AP_orders,0.00,TB@20260624,0.00,0.00,
flow:mon1Redemption,WEBX,AP_orders,0.00,TB@20260624,0.00,0.00,
flow:mon2Sales,WEBX,AP_orders,0.00,TB@20260624,250000.00,-250000.00,REVIEW
flow:mon2Redemption,WEBX,AP_orders,0.00,TB@20260624,0.00,0.00,
flow:mon3Sales,WEBX,AP_orders,567329.50,TB@20260624,317329.50,250000.00,REVIEW
flow:mon3Redemption,WEBX,AP_orders,0.00,TB@20260624,0.00,0.00,
flow:mon1Sales,WNDR,AP_orders,0.00,TB@20260624,125000.00,-125000.00,REVIEW
flow:mon1Redemption,WNDR,AP_orders,0.00,TB@20260624,0.00,0.00,
flow:mon2Sales,WNDR,AP_orders,1423514.00,TB@20260624,1298514.00,125000.00,REVIEW
flow:mon2Redemption,WNDR,AP_orders,0.00,TB@20260624,0.00,0.00,
flow:mon3Sales,WNDR,AP_orders,0.00,TB@20260624,0.00,0.00,
flow:mon3Redemption,WNDR,AP_orders,0.00,TB@20260624,0.00,0.00,
flow:mon1Sales,WR,AP_orders,0.00,TB@20260624,125000.00,-125000.00,REVIEW
flow:mon1Redemption,WR,AP_orders,0.00,TB@20260624,0.00,0.00,
flow:mon2Sales,WR,AP_orders,3383425.00,TB@20260624,3258425.00,125000.00,
flow:mon2Redemption,WR,AP_orders,0.00,TB@20260624,0.00,0.00,
flow:mon3Sales,WR,AP_orders,0.00,TB@20260624,0.00,0.00,
flow:mon3Redemption,WR,AP_orders,0.00,TB@20260624,0.00,0.00,
flow:mon1Sales,WX,AP_orders,0.00,TB@20260624,0.00,0.00,
flow:mon1Redemption,WX,AP_orders,0.00,TB@20260624,0.00,0.00,
flow:mon2Sales,WX,AP_orders,0.00,TB@20260624,250000.00,-250000.00,REVIEW
flow:mon2Redemption,WX,AP_orders,0.00,TB@20260624,0.00,0.00,
flow:mon3Sales,WX,AP_orders,601372.00,TB@20260624,351372.00,250000.00,REVIEW
flow:mon3Redemption,WX,AP_orders,234321.00,TB@20260624,0.00,234321.00,REVIEW
flow:mon1Sales,XA,AP_orders,0.00,TB@20260624,125000.00,-125000.00,REVIEW
flow:mon1Redemption,XA,AP_orders,0.00,TB@20260624,0.00,0.00,
flow:mon2Sales,XA,AP_orders,2252314.00,TB@20260624,2127314.00,125000.00,REVIEW
flow:mon2Redemption,XA,AP_orders,0.00,TB@20260624,0.00,0.00,
flow:mon3Sales,XA,AP_orders,0.00,TB@20260624,0.00,0.00,
flow:mon3Redemption,XA,AP_orders,0.00,TB@20260624,0.00,0.00,
flow:mon1Sales,XAG,AP_orders,0.00,TB@20260624,0.00,0.00,
flow:mon1Redemption,XAG,AP_orders,0.00,TB@20260624,0.00,0.00,
flow:mon2Sales,XAG,AP_orders,0.00,TB@20260624,250000.00,-250000.00,REVIEW
flow:mon2Redemption,XAG,AP_orders,0.00,TB@20260624,0.00,0.00,
flow:mon3Sales,XAG,AP_orders,0.00,TB@20260624,25.00,-25.00,REVIEW
flow:mon3Redemption,XAG,AP_orders,0.00,TB@20260624,0.00,0.00,
flow:mon1Sales,XAGI,AP_orders,0.00,TB@20260624,0.00,0.00,
flow:mon1Redemption,XAGI,AP_orders,0.00,TB@20260624,0.00,0.00,
flow:mon2Sales,XAGI,AP_orders,0.00,TB@20260624,250000.00,-250000.00,REVIEW
flow:mon2Redemption,XAGI,AP_orders,0.00,TB@20260624,0.00,0.00,
flow:mon3Sales,XAGI,AP_orders,669752.00,TB@20260624,419752.00,250000.00,REVIEW
flow:mon3Redemption,XAGI,AP_orders,206822.00,TB@20260624,0.00,206822.00,REVIEW
flow:mon1Sales,XBIX,AP_orders,0.00,TB@20260624,0.00,0.00,
flow:mon1Redemption,XBIX,AP_orders,0.00,TB@20260624,0.00,0.00,
flow:mon2Sales,XBIX,AP_orders,0.00,TB@20260624,250000.00,-250000.00,REVIEW
flow:mon2Redemption,XBIX,AP_orders,0.00,TB@20260624,0.00,0.00,
flow:mon3Sales,XBIX,AP_orders,644119.00,TB@20260624,394119.00,250000.00,REVIEW
flow:mon3Redemption,XBIX,AP_orders,327291.00,TB@20260624,0.00,327291.00,REVIEW
flow:mon1Sales,XCOM,AP_orders,0.00,TB@20260624,0.00,0.00,
flow:mon1Redemption,XCOM,AP_orders,0.00,TB@20260624,0.00,0.00,
flow:mon2Sales,XCOM,AP_orders,0.00,TB@20260624,250000.00,-250000.00,REVIEW
flow:mon2Redemption,XCOM,AP_orders,0.00,TB@20260624,0.00,0.00,
flow:mon3Sales,XCOM,AP_orders,728422.00,TB@20260624,478422.00,250000.00,REVIEW
flow:mon3Redemption,XCOM,AP_orders,200304.00,TB@20260624,0.00,200304.00,REVIEW
flow:mon1Sales,XCOP,AP_orders,0.00,TB@20260624,0.00,0.00,
flow:mon1Redemption,XCOP,AP_orders,0.00,TB@20260624,0.00,0.00,
flow:mon2Sales,XCOP,AP_orders,0.00,TB@20260624,0.00,0.00,
flow:mon2Redemption,XCOP,AP_orders,0.00,TB@20260624,0.00,0.00,
flow:mon3Sales,XCOP,AP_orders,0.00,TB@20260624,250000.00,-250000.00,REVIEW
flow:mon3Redemption,XCOP,AP_orders,0.00,TB@20260624,0.00,0.00,
flow:mon1Sales,XEUR,AP_orders,0.00,TB@20260624,0.00,0.00,
flow:mon1Redemption,XEUR,AP_orders,0.00,TB@20260624,0.00,0.00,
flow:mon2Sales,XEUR,AP_orders,0.00,TB@20260624,250000.00,-250000.00,REVIEW
flow:mon2Redemption,XEUR,AP_orders,0.00,TB@20260624,0.00,0.00,
flow:mon3Sales,XEUR,AP_orders,501574.00,TB@20260624,251574.00,250000.00,REVIEW
flow:mon3Redemption,XEUR,AP_orders,0.00,TB@20260624,0.00,0.00,
flow:mon1Sales,XG,AP_orders,0.00,TB@20260624,0.00,0.00,
flow:mon1Redemption,XG,AP_orders,0.00,TB@20260624,0.00,0.00,
flow:mon2Sales,XG,AP_orders,0.00,TB@20260624,250000.00,-250000.00,REVIEW
flow:mon2Redemption,XG,AP_orders,0.00,TB@20260624,0.00,0.00,
flow:mon3Sales,XG,AP_orders,0.00,TB@20260624,0.00,0.00,
flow:mon3Redemption,XG,AP_orders,0.00,TB@20260624,0.00,0.00,
flow:mon1Sales,XGAS,AP_orders,0.00,TB@20260624,0.00,0.00,
flow:mon1Redemption,XGAS,AP_orders,0.00,TB@20260624,0.00,0.00,
flow:mon2Sales,XGAS,AP_orders,0.00,TB@20260624,0.00,0.00,
flow:mon2Redemption,XGAS,AP_orders,0.00,TB@20260624,0.00,0.00,
flow:mon3Sales,XGAS,AP_orders,0.00,TB@20260624,250000.00,-250000.00,REVIEW
flow:mon3Redemption,XGAS,AP_orders,0.00,TB@20260624,0.00,0.00,
flow:mon1Sales,XHOA,AP_orders,0.00,TB@20260624,0.00,0.00,
flow:mon1Redemption,XHOA,AP_orders,0.00,TB@20260624,0.00,0.00,
flow:mon2Sales,XHOA,AP_orders,0.00,TB@20260624,250000.00,-250000.00,REVIEW
flow:mon2Redemption,XHOA,AP_orders,0.00,TB@20260624,0.00,0.00,
flow:mon3Sales,XHOA,AP_orders,250000.00,TB@20260624,0.00,250000.00,REVIEW
flow:mon3Redemption,XHOA,AP_orders,0.00,TB@20260624,0.00,0.00,
flow:mon1Sales,XIWC,AP_orders,0.00,TB@20260624,0.00,0.00,
flow:mon1Redemption,XIWC,AP_orders,0.00,TB@20260624,0.00,0.00,
flow:mon2Sales,XIWC,AP_orders,0.00,TB@20260624,250000.00,-250000.00,REVIEW
flow:mon2Redemption,XIWC,AP_orders,0.00,TB@20260624,0.00,0.00,
flow:mon3Sales,XIWC,AP_orders,708478.00,TB@20260624,458478.00,250000.00,REVIEW
flow:mon3Redemption,XIWC,AP_orders,374892.00,TB@20260624,0.00,374892.00,REVIEW
flow:mon1Sales,XKRE,AP_orders,0.00,TB@20260624,0.00,0.00,
flow:mon1Redemption,XKRE,AP_orders,0.00,TB@20260624,0.00,0.00,
flow:mon2Sales,XKRE,AP_orders,0.00,TB@20260624,250000.00,-250000.00,REVIEW
flow:mon2Redemption,XKRE,AP_orders,0.00,TB@20260624,0.00,0.00,
flow:mon3Sales,XKRE,AP_orders,632485.00,TB@20260624,382485.00,250000.00,REVIEW
flow:mon3Redemption,XKRE,AP_orders,277003.00,TB@20260624,0.00,277003.00,REVIEW
flow:mon1Sales,XLBX,AP_orders,0.00,TB@20260624,0.00,0.00,
flow:mon1Redemption,XLBX,AP_orders,0.00,TB@20260624,0.00,0.00,
flow:mon2Sales,XLBX,AP_orders,0.00,TB@20260624,250000.00,-250000.00,REVIEW
flow:mon2Redemption,XLBX,AP_orders,0.00,TB@20260624,0.00,0.00,
flow:mon3Sales,XLBX,AP_orders,854837.50,TB@20260624,604837.50,250000.00,REVIEW
flow:mon3Redemption,XLBX,AP_orders,0.00,TB@20260624,0.00,0.00,
flow:mon1Sales,XLEX,AP_orders,0.00,TB@20260624,0.00,0.00,
flow:mon1Redemption,XLEX,AP_orders,0.00,TB@20260624,0.00,0.00,
flow:mon2Sales,XLEX,AP_orders,0.00,TB@20260624,250000.00,-250000.00,REVIEW
flow:mon2Redemption,XLEX,AP_orders,0.00,TB@20260624,0.00,0.00,
flow:mon3Sales,XLEX,AP_orders,616372.00,TB@20260624,366372.00,250000.00,REVIEW
flow:mon3Redemption,XLEX,AP_orders,221533.00,TB@20260624,0.00,221533.00,REVIEW
flow:mon1Sales,XLFX,AP_orders,0.00,TB@20260624,0.00,0.00,
flow:mon1Redemption,XLFX,AP_orders,0.00,TB@20260624,0.00,0.00,
flow:mon2Sales,XLFX,AP_orders,0.00,TB@20260624,250000.00,-250000.00,REVIEW
flow:mon2Redemption,XLFX,AP_orders,0.00,TB@20260624,0.00,0.00,
flow:mon3Sales,XLFX,AP_orders,631349.50,TB@20260624,381349.50,250000.00,REVIEW
flow:mon3Redemption,XLFX,AP_orders,0.00,TB@20260624,0.00,0.00,
flow:mon1Sales,XLIX,AP_orders,0.00,TB@20260624,0.00,0.00,
flow:mon1Redemption,XLIX,AP_orders,0.00,TB@20260624,0.00,0.00,
flow:mon2Sales,XLIX,AP_orders,0.00,TB@20260624,250000.00,-250000.00,REVIEW
flow:mon2Redemption,XLIX,AP_orders,0.00,TB@20260624,0.00,0.00,
flow:mon3Sales,XLIX,AP_orders,604258.00,TB@20260624,354258.00,250000.00,REVIEW
flow:mon3Redemption,XLIX,AP_orders,260304.00,TB@20260624,0.00,260304.00,REVIEW
flow:mon1Sales,XLKX,AP_orders,0.00,TB@20260624,0.00,0.00,
flow:mon1Redemption,XLKX,AP_orders,0.00,TB@20260624,0.00,0.00,
flow:mon2Sales,XLKX,AP_orders,0.00,TB@20260624,250000.00,-250000.00,REVIEW
flow:mon2Redemption,XLKX,AP_orders,0.00,TB@20260624,0.00,0.00,
flow:mon3Sales,XLKX,AP_orders,672518.00,TB@20260624,422518.00,250000.00,REVIEW
flow:mon3Redemption,XLKX,AP_orders,0.00,TB@20260624,0.00,0.00,
flow:mon1Sales,XLPX,AP_orders,0.00,TB@20260624,0.00,0.00,
flow:mon1Redemption,XLPX,AP_orders,0.00,TB@20260624,0.00,0.00,
flow:mon2Sales,XLPX,AP_orders,0.00,TB@20260624,250000.00,-250000.00,REVIEW
flow:mon2Redemption,XLPX,AP_orders,0.00,TB@20260624,0.00,0.00,
flow:mon3Sales,XLPX,AP_orders,655739.50,TB@20260624,405739.50,250000.00,REVIEW
flow:mon3Redemption,XLPX,AP_orders,0.00,TB@20260624,0.00,0.00,
flow:mon1Sales,XLUX,AP_orders,0.00,TB@20260624,0.00,0.00,
flow:mon1Redemption,XLUX,AP_orders,0.00,TB@20260624,0.00,0.00,
flow:mon2Sales,XLUX,AP_orders,0.00,TB@20260624,250000.00,-250000.00,REVIEW
flow:mon2Redemption,XLUX,AP_orders,0.00,TB@20260624,0.00,0.00,
flow:mon3Sales,XLUX,AP_orders,511041.00,TB@20260624,261041.00,250000.00,REVIEW
flow:mon3Redemption,XLUX,AP_orders,0.00,TB@20260624,0.00,0.00,
flow:mon1Sales,XLVX,AP_orders,0.00,TB@20260624,0.00,0.00,
flow:mon1Redemption,XLVX,AP_orders,0.00,TB@20260624,0.00,0.00,
flow:mon2Sales,XLVX,AP_orders,0.00,TB@20260624,250000.00,-250000.00,REVIEW
flow:mon2Redemption,XLVX,AP_orders,0.00,TB@20260624,0.00,0.00,
flow:mon3Sales,XLVX,AP_orders,805428.00,TB@20260624,555428.00,250000.00,REVIEW
flow:mon3Redemption,XLVX,AP_orders,270494.00,TB@20260624,0.00,270494.00,REVIEW
flow:mon1Sales,XLYX,AP_orders,0.00,TB@20260624,0.00,0.00,
flow:mon1Redemption,XLYX,AP_orders,0.00,TB@20260624,0.00,0.00,
flow:mon2Sales,XLYX,AP_orders,0.00,TB@20260624,250000.00,-250000.00,REVIEW
flow:mon2Redemption,XLYX,AP_orders,0.00,TB@20260624,0.00,0.00,
flow:mon3Sales,XLYX,AP_orders,366456.00,TB@20260624,0.00,366456.00,REVIEW
flow:mon3Redemption,XLYX,AP_orders,0.00,TB@20260624,0.00,0.00,
flow:mon1Sales,XOIL,AP_orders,0.00,TB@20260624,0.00,0.00,
flow:mon1Redemption,XOIL,AP_orders,0.00,TB@20260624,0.00,0.00,
flow:mon2Sales,XOIL,AP_orders,0.00,TB@20260624,0.00,0.00,
flow:mon2Redemption,XOIL,AP_orders,0.00,TB@20260624,0.00,0.00,
flow:mon3Sales,XOIL,AP_orders,0.00,TB@20260624,250000.00,-250000.00,REVIEW
flow:mon3Redemption,XOIL,AP_orders,0.00,TB@20260624,0.00,0.00,
flow:mon1Sales,XPAV,AP_orders,0.00,TB@20260624,0.00,0.00,
flow:mon1Redemption,XPAV,AP_orders,0.00,TB@20260624,0.00,0.00,
flow:mon2Sales,XPAV,AP_orders,0.00,TB@20260624,250000.00,-250000.00,REVIEW
flow:mon2Redemption,XPAV,AP_orders,0.00,TB@20260624,0.00,0.00,
flow:mon3Sales,XPAV,AP_orders,250000.00,TB@20260624,0.00,250000.00,REVIEW
flow:mon3Redemption,XPAV,AP_orders,0.00,TB@20260624,0.00,0.00,
flow:mon1Sales,XQTM,AP_orders,0.00,TB@20260624,0.00,0.00,
flow:mon1Redemption,XQTM,AP_orders,0.00,TB@20260624,0.00,0.00,
flow:mon2Sales,XQTM,AP_orders,0.00,TB@20260624,0.00,0.00,
flow:mon2Redemption,XQTM,AP_orders,0.00,TB@20260624,0.00,0.00,
flow:mon3Sales,XQTM,AP_orders,0.00,TB@20260624,250025.00,-250025.00,REVIEW
flow:mon3Redemption,XQTM,AP_orders,0.00,TB@20260624,0.00,0.00,
flow:mon1Sales,XR,AP_orders,0.00,TB@20260624,0.00,0.00,
flow:mon1Redemption,XR,AP_orders,0.00,TB@20260624,0.00,0.00,
flow:mon2Sales,XR,AP_orders,0.00,TB@20260624,0.00,0.00,
flow:mon2Redemption,XR,AP_orders,0.00,TB@20260624,0.00,0.00,
flow:mon3Sales,XR,AP_orders,0.00,TB@20260624,125000.00,-125000.00,REVIEW
flow:mon3Redemption,XR,AP_orders,0.00,TB@20260624,0.00,0.00,
flow:mon1Sales,XSEM,AP_orders,0.00,TB@20260624,0.00,0.00,
flow:mon1Redemption,XSEM,AP_orders,0.00,TB@20260624,0.00,0.00,
flow:mon2Sales,XSEM,AP_orders,0.00,TB@20260624,250000.00,-250000.00,REVIEW
flow:mon2Redemption,XSEM,AP_orders,0.00,TB@20260624,0.00,0.00,
flow:mon3Sales,XSEM,AP_orders,591487.00,TB@20260624,341487.00,250000.00,REVIEW
flow:mon3Redemption,XSEM,AP_orders,0.00,TB@20260624,0.00,0.00,
flow:mon1Sales,XTAI,AP_orders,0.00,TB@20260624,0.00,0.00,
flow:mon1Redemption,XTAI,AP_orders,0.00,TB@20260624,0.00,0.00,
flow:mon2Sales,XTAI,AP_orders,0.00,TB@20260624,250000.00,-250000.00,REVIEW
flow:mon2Redemption,XTAI,AP_orders,0.00,TB@20260624,0.00,0.00,
flow:mon3Sales,XTAI,AP_orders,560497.00,TB@20260624,310497.00,250000.00,REVIEW
flow:mon3Redemption,XTAI,AP_orders,0.00,TB@20260624,0.00,0.00,
flow:mon1Sales,XURM,AP_orders,0.00,TB@20260624,0.00,0.00,
flow:mon1Redemption,XURM,AP_orders,0.00,TB@20260624,0.00,0.00,
flow:mon2Sales,XURM,AP_orders,0.00,TB@20260624,0.00,0.00,
flow:mon2Redemption,XURM,AP_orders,0.00,TB@20260624,0.00,0.00,
flow:mon3Sales,XURM,AP_orders,0.00,TB@20260624,250000.00,-250000.00,REVIEW
flow:mon3Redemption,XURM,AP_orders,0.00,TB@20260624,0.00,0.00,
flow:mon1Sales,XVO,AP_orders,0.00,TB@20260624,0.00,0.00,
flow:mon1Redemption,XVO,AP_orders,0.00,TB@20260624,0.00,0.00,
flow:mon2Sales,XVO,AP_orders,0.00,TB@20260624,250000.00,-250000.00,REVIEW
flow:mon2Redemption,XVO,AP_orders,0.00,TB@20260624,0.00,0.00,
flow:mon3Sales,XVO,AP_orders,493748.00,TB@20260624,243748.00,250000.00,REVIEW
flow:mon3Redemption,XVO,AP_orders,0.00,TB@20260624,0.00,0.00,
flow:mon1Sales,XVUG,AP_orders,0.00,TB@20260624,0.00,0.00,
flow:mon1Redemption,XVUG,AP_orders,0.00,TB@20260624,0.00,0.00,
flow:mon2Sales,XVUG,AP_orders,0.00,TB@20260624,250000.00,-250000.00,REVIEW
flow:mon2Redemption,XVUG,AP_orders,0.00,TB@20260624,0.00,0.00,
flow:mon3Sales,XVUG,AP_orders,592565.50,TB@20260624,342565.50,250000.00,REVIEW
flow:mon3Redemption,XVUG,AP_orders,215947.00,TB@20260624,0.00,215947.00,REVIEW
flow:mon1Sales,XW,AP_orders,0.00,TB@20260624,0.00,0.00,
flow:mon1Redemption,XW,AP_orders,0.00,TB@20260624,0.00,0.00,
flow:mon2Sales,XW,AP_orders,0.00,TB@20260624,250000.00,-250000.00,REVIEW
flow:mon2Redemption,XW,AP_orders,0.00,TB@20260624,0.00,0.00,
flow:mon3Sales,XW,AP_orders,250000.00,TB@20260624,0.00,250000.00,REVIEW
flow:mon3Redemption,XW,AP_orders,0.00,TB@20260624,0.00,0.00,
flow:mon1Sales,YUNG,AP_orders,0.00,TB@20260624,125000.00,-125000.00,REVIEW
flow:mon1Redemption,YUNG,AP_orders,0.00,TB@20260624,0.00,0.00,
flow:mon2Sales,YUNG,AP_orders,1403068.00,TB@20260624,1278068.00,125000.00,REVIEW
flow:mon2Redemption,YUNG,AP_orders,0.00,TB@20260624,0.00,0.00,
flow:mon3Sales,YUNG,AP_orders,0.00,TB@20260624,0.00,0.00,
flow:mon3Redemption,YUNG,AP_orders,0.00,TB@20260624,0.00,0.00,
liabilities,ACLZ,mapped_amtPay,77.30,TB_total@20260624,77.30,0.00,
liabilities,ACMM,mapped_amtPay,105.76,TB_total@20260624,105.76,0.00,
liabilities,AV,mapped_amtPay,316.10,TB_total@20260624,316.10,0.00,
liabilities,BAY,mapped_amtPay,262.18,TB_total@20260624,262.18,0.00,
liabilities,BLCK,mapped_amtPay,305.52,TB_total@20260624,305.52,0.00,
liabilities,BREW,mapped_amtPay,449.41,TB_total@20260624,449.41,0.00,
liabilities,BRZX,mapped_amtPay,7076.68,TB_total@20260624,7076.68,0.00,
liabilities,BZZ,mapped_amtPay,960.22,TB_total@20260624,960.22,0.00,
liabilities,CAMC,mapped_amtPay,77.47,TB_total@20260624,77.47,0.00,
liabilities,CARX,mapped_amtPay,78.07,TB_total@20260624,78.07,0.00,
liabilities,CBIL,mapped_amtPay,305.48,TB_total@20260624,305.48,0.00,
liabilities,CBOT,mapped_amtPay,824.86,TB_total@20260624,824.86,0.00,
liabilities,CCPX,mapped_amtPay,17199.21,TB_total@20260624,17199.21,0.00,
liabilities,CGOV,mapped_amtPay,305.89,TB_total@20260624,305.89,0.00,
liabilities,CHYG,mapped_amtPay,265.28,TB_total@20260624,265.28,0.00,
liabilities,CIEI,mapped_amtPay,41.10,TB_total@20260624,41.10,0.00,
liabilities,CIVG,mapped_amtPay,54.44,TB_total@20260624,94.21,-39.77,REVIEW
liabilities,CJUN,mapped_amtPay,309.62,TB_total@20260624,309.62,0.00,
liabilities,CMAG,mapped_amtPay,9319.20,TB_total@20260624,9319.20,0.00,
liabilities,CMAY,mapped_amtPay,1269.05,TB_total@20260624,1269.05,0.00,
liabilities,CQTM,mapped_amtPay,2440.07,TB_total@20260624,2440.07,0.00,
liabilities,CRUC,mapped_amtPay,78.37,TB_total@20260624,78.37,0.00,
liabilities,CTJN,mapped_amtPay,239.86,TB_total@20260624,239.86,0.00,
liabilities,CTMA,mapped_amtPay,597.71,TB_total@20260624,597.71,0.00,
liabilities,CUST,mapped_amtPay,106.88,TB_total@20260624,106.88,0.00,
liabilities,DIPR,mapped_amtPay,902.51,TB_total@20260624,902.51,0.00,
liabilities,DOCK,mapped_amtPay,437.79,TB_total@20260624,437.79,0.00,
liabilities,EMJN,mapped_amtPay,315.64,TB_total@20260624,315.64,0.00,
liabilities,EMMY,mapped_amtPay,617.63,TB_total@20260624,617.63,0.00,
liabilities,EMXX,mapped_amtPay,5184.62,TB_total@20260624,5184.62,0.00,
liabilities,EUV,mapped_amtPay,2807055.08,TB_total@20260624,2807055.08,0.00,
liabilities,EUVX,mapped_amtPay,31338.92,TB_total@20260624,31338.92,0.00,
liabilities,EYES,mapped_amtPay,732.47,TB_total@20260624,732.47,0.00,
liabilities,FDRS,mapped_amtPay,31344.30,TB_total@20260624,31344.30,0.00,
liabilities,FDRX,mapped_amtPay,533718.36,TB_total@20260624,533718.36,0.00,
liabilities,GASZ,mapped_amtPay,2062.24,TB_total@20260624,2062.24,0.00,
liabilities,GLAM,mapped_amtPay,324.11,TB_total@20260624,324.11,0.00,
liabilities,GNMX,mapped_amtPay,340.68,TB_total@20260624,340.68,0.00,
liabilities,HJUN,mapped_amtPay,253.21,TB_total@20260624,253.21,0.00,
liabilities,HMAY,mapped_amtPay,610.65,TB_total@20260624,610.65,0.00,
liabilities,HULL,mapped_amtPay,642.98,TB_total@20260624,642.98,0.00,
liabilities,IDJN,mapped_amtPay,309.29,TB_total@20260624,309.29,0.00,
liabilities,IDMY,mapped_amtPay,609.37,TB_total@20260624,609.37,0.00,
liabilities,JOUL,mapped_amtPay,1737.42,TB_total@20260624,1737.42,0.00,
liabilities,JUNC,mapped_amtPay,277.33,TB_total@20260624,277.33,0.00,
liabilities,KEYX,mapped_amtPay,77.68,TB_total@20260624,77.68,0.00,
liabilities,KRWX,mapped_amtPay,25397.58,TB_total@20260624,25397.58,0.00,
liabilities,KYC,mapped_amtPay,323.40,TB_total@20260624,323.40,0.00,
liabilities,LASC,mapped_amtPay,77.98,TB_total@20260624,77.98,0.00,
liabilities,LATR,mapped_amtPay,345.59,TB_total@20260624,345.59,0.00,
liabilities,LRNX,mapped_amtPay,78.22,TB_total@20260624,78.22,0.00,
liabilities,MAYC,mapped_amtPay,553.88,TB_total@20260624,553.88,0.00,
liabilities,MGKX,mapped_amtPay,9483.84,TB_total@20260624,9483.84,0.00,
liabilities,MNSX,mapped_amtPay,78.07,TB_total@20260624,78.07,0.00,
liabilities,MSIX,mapped_amtPay,77.77,TB_total@20260624,77.77,0.00,
liabilities,NYNY,mapped_amtPay,189.07,TB_total@20260624,189.07,0.00,
liabilities,ODDZ,mapped_amtPay,379.80,TB_total@20260624,379.80,0.00,
liabilities,ONTX,mapped_amtPay,78.03,TB_total@20260624,78.03,0.00,
liabilities,OWN,mapped_amtPay,694.78,TB_total@20260624,694.78,0.00,
liabilities,PTNT,mapped_amtPay,342.25,TB_total@20260624,342.25,0.00,
liabilities,QJN,mapped_amtPay,238.33,TB_total@20260624,238.33,0.00,
liabilities,QMY,mapped_amtPay,609.62,TB_total@20260624,609.62,0.00,
liabilities,QQJN,mapped_amtPay,276.89,TB_total@20260624,276.89,0.00,
liabilities,QQMY,mapped_amtPay,610.33,TB_total@20260624,610.33,0.00,
liabilities,RMBC,mapped_amtPay,77.49,TB_total@20260624,77.49,0.00,
liabilities,SCJN,mapped_amtPay,242.40,TB_total@20260624,242.40,0.00,
liabilities,SCMY,mapped_amtPay,599.13,TB_total@20260624,599.13,0.00,
liabilities,SIMX,mapped_amtPay,78.05,TB_total@20260624,78.05,0.00,
liabilities,STYL,mapped_amtPay,333.62,TB_total@20260624,333.62,0.00,
liabilities,TAJX,mapped_amtPay,4722.63,TB_total@20260624,4722.63,0.00,
liabilities,TPLX,mapped_amtPay,78.90,TB_total@20260624,78.90,0.00,
liabilities,UMCX,mapped_amtPay,77.52,TB_total@20260624,77.52,0.00,
liabilities,USX,mapped_amtPay,3988.13,TB_total@20260624,3988.13,0.00,
liabilities,VBX,mapped_amtPay,3542.91,TB_total@20260624,3542.91,0.00,
liabilities,VOOX,mapped_amtPay,6049.71,TB_total@20260624,6049.71,0.00,
liabilities,WATS,mapped_amtPay,493.81,TB_total@20260624,493.81,0.00,
liabilities,WEBX,mapped_amtPay,15783.08,TB_total@20260624,15783.08,0.00,
liabilities,WNDR,mapped_amtPay,340.20,TB_total@20260624,340.20,0.00,
liabilities,WR,mapped_amtPay,782.02,TB_total@20260624,782.02,0.00,
liabilities,WX,mapped_amtPay,5627.05,TB_total@20260624,5627.05,0.00,
liabilities,XA,mapped_amtPay,616.19,TB_total@20260624,616.19,0.00,
liabilities,XAGI,mapped_amtPay,22619.74,TB_total@20260624,22619.74,0.00,
liabilities,XBIX,mapped_amtPay,5117.18,TB_total@20260624,5117.18,0.00,
liabilities,XCOM,mapped_amtPay,14256.48,TB_total@20260624,14256.48,0.00,
liabilities,XEUR,mapped_amtPay,3826.92,TB_total@20260624,3826.92,0.00,
liabilities,XHOA,mapped_amtPay,2419.16,TB_total@20260624,2419.16,0.00,
liabilities,XIWC,mapped_amtPay,8405.44,TB_total@20260624,8405.44,0.00,
liabilities,XKRE,mapped_amtPay,4739.54,TB_total@20260624,4739.54,0.00,
liabilities,XLBX,mapped_amtPay,7057.36,TB_total@20260624,7057.36,0.00,
liabilities,XLEX,mapped_amtPay,8799.42,TB_total@20260624,8799.42,0.00,
liabilities,XLFX,mapped_amtPay,4095.15,TB_total@20260624,4095.15,0.00,
liabilities,XLIX,mapped_amtPay,4060.89,TB_total@20260624,4060.89,0.00,
liabilities,XLKX,mapped_amtPay,15390.88,TB_total@20260624,15390.88,0.00,
liabilities,XLPX,mapped_amtPay,4149.71,TB_total@20260624,4149.71,0.00,
liabilities,XLUX,mapped_amtPay,1994.35,TB_total@20260624,1994.35,0.00,
liabilities,XLVX,mapped_amtPay,5541.64,TB_total@20260624,5541.64,0.00,
liabilities,XLYX,mapped_amtPay,2722.29,TB_total@20260624,2722.29,0.00,
liabilities,XPAV,mapped_amtPay,2371.12,TB_total@20260624,2371.12,0.00,
liabilities,XSEM,mapped_amtPay,17877.61,TB_total@20260624,17877.61,0.00,
liabilities,XTAI,mapped_amtPay,12876.96,TB_total@20260624,12876.96,0.00,
liabilities,XVO,mapped_amtPay,3134.42,TB_total@20260624,3134.42,0.00,
liabilities,XVUG,mapped_amtPay,9812.56,TB_total@20260624,9812.56,0.00,
liabilities,XW,mapped_amtPay,3503.40,TB_total@20260624,3503.40,0.00,
liabilities,YUNG,mapped_amtPay,338.96,TB_total@20260624,338.96,0.00,
